ID,no_water_access,no_sanitation_access,no_refuse_access,no_energy_access,no_education_access
93b33fc33c165ba91dee636c1acc1c2e,0,0,0,0,0
1879d989f42946a20183b6b709c26689,1,0,0,0,0
52c38eb71547edbf2134f3fc2773faa4,0,0,0,0,0
f75232c465978c0bef49a98938803464,0,0,0,0,0
afe194054599db1552d52b1abdedefba,0,0,0,0,0
bd5c553d5ec544d046a61766c0e46dea,1,0,1,0,0
df6c64face39972010d94b11630559e8,1,0,1,0,0
f5e8c1ec530bacc2fff56321f6f7e387,1,0,1,0,0
833f4fefcea5dd8b0659b8185bd7f577,1,0,0,0,0
e450c84ced24a16ec09c915a3f9d7c8f,1,0,1,0,0
daf6fd3995ed61bab24919d5c252eae9,0,0,0,0,0
0dbc80ccf0770109d875b928c53edc50,0,0,0,0,0
fe4a1f4df66ce796c0cbe349a164e501,0,0,0,0,0
559b7ccd55b4dca9b43aa8163e2bb38f,1,0,1,0,0
19bb1a91eb1d0c92318715b6539c7937,1,0,1,0,0
298cac4250490e442fa0bae9f7de1dfc,0,0,0,0,0
39d186728d7a50a4099e2e36158b32a5,1,0,1,0,0
10253084bbc25f01ae1e76f1a567f178,0,0,0,0,0
63a558970a78e39049d3573259193afe,1,0,1,0,1
cf9a7676f19deadcbdbd03376e1b4341,0,0,0,0,0
286a582b04646b541d5770b90906cfdb,1,0,1,0,0
fe3e0083267edcaf16cbef0a09e9a1d1,1,0,1,0,0
8f02c50a26ba1137f85bf69a78ec3337,1,0,1,0,0
b8d8265f9b07f86b4fb1cb744cf9b3bb,1,0,1,0,0
2483e96033284986a4147584607600f2,1,0,1,0,1
34ee3b5d1795fd4f795c0aead1f9f812,1,0,1,0,0
75e93f0105907e4d851bc9f180b7a61c,0,0,0,0,0
98bf8471f74d926e5ea86cca52340909,0,0,0,0,0
0725c58e99104c2c66bc952b237483af,0,0,0,0,0
867058575d7d0ed5ec87a46bb4c465ec,0,0,0,0,0
3a63f809d134afcaee970bd19bea3919,1,0,1,0,0
f929c701812ada1534a20db9ef34f736,1,0,1,0,0
f4ce1719a780b606a434b887ebc0c847,0,0,0,0,0
68652ffcfd3ff4cc1c385aa23ecb8ce3,1,0,1,0,0
c503da39b4728e00ee951ba211439a51,1,1,1,1,1
bd42d308156deb08c494df739d367319,0,0,0,0,0
ef3926a08b30389489bcd9ff86a205b1,1,0,1,0,0
19b614772073a4902942bfbd89838b7a,0,0,0,0,0
aeb1a3e36c25df36ad0db7df1e127bfa,1,0,1,0,0
264ba46c3b074dc5015c76be85984365,0,0,0,0,0
8e0caabc9c83d2af776fe314960fbdcd,1,1,1,0,1
8eea97486f480f30f7797e3fb09ad50a,0,0,0,0,0
d2de2627533ac38c539d61017f38bb18,0,0,0,0,0
f960ef66efcd4d2136ae325a8d7dbedb,0,0,0,0,0
b9c28fcf2925b3f24bc2b6fe8ef28f22,1,0,1,0,0
3c80b2a58c839acf02188df1f8b9ce47,1,0,0,0,0
34f57f50dd14c84d975a899553ccecc8,0,0,0,0,0
19e4e61c8fe7665cd6ee20cc6e95f0e2,1,0,1,0,0
7fba5b267a1b3d53b1144d99f3051d8e,1,0,1,0,0
860ce104aec9d680622c3fd65dde9217,1,0,1,0,0
3b6b6b3fccb113e27200847135a15f98,1,1,1,0,1
fe40eac24a522a7859eab257cc0d11f2,0,0,0,0,0
4fd1a5d61632f929feaf5099c5dc1d99,1,0,0,0,0
3270aec706cb566bbdd9f087b7177884,1,0,1,0,0
757f4da6c724d38838c69c9a8d72293b,0,0,0,0,0
aaff6943be3d53c65d4c560c81c6fbb5,0,0,0,0,0
1c4e0106283e42f6dba74691630787ed,0,0,0,0,0
b8fa3d9ebf489799b7e94d702bdd322e,0,0,0,0,0
09458ab1d231bb7572b393039a761d0d,1,0,1,0,1
abdff2c14a96855172ebe6342ded732f,0,0,0,0,0
fc899a3567ba8a76d3b85e5f24a7660f,1,0,1,0,1
ad89569aa806501ffcf7106e370af678,0,0,0,0,0
534b5912f83e835996d01a4ef1ec4a76,1,0,1,0,0
2cb64a9ff540c2d2d8c354ca2e1f77f0,0,0,0,0,0
fa92d939c1c06d2b9ada416cb94b8ce6,0,0,0,0,0
ef5435e8f98b39cc46356dac47e22ee1,0,0,0,0,0
62d0d04720237d1945814f5761312e5d,1,0,1,0,1
1b993e92204ba9fd92edd3e61d900979,1,0,1,0,0
5e9b62673e697890863616e27f979690,0,0,0,0,0
1b67ca6e63166f679ac0ce7f5b236de7,1,0,1,0,0
d0871fc47cd420d7a9e49a625537c9d3,1,0,1,0,0
4b3a2c883a2d44f144114b51da448a77,0,0,0,0,0
80086a05a322a8f6a362947909dbcbb3,1,1,1,1,1
c4eef41884af624d20c36603caf7fe8b,1,0,1,0,0
4fc7666ad13d8e9427c34493a3672342,0,0,0,0,0
679757e4343caf050f99c1ade3f4177b,0,0,0,0,0
f9801e190630e23903b208c6646f695c,1,0,0,0,0
22cf180c14c6e868abffda46de807094,0,0,0,0,0
62a794945a8bcee0d59df11dd47cf4d9,0,0,0,0,0
2dc7e69f28093c15fafd36a2465dde69,1,0,1,0,0
c6d1dedddd9a7f358415b360fb30a68f,1,0,0,0,0
d890de40f4c0525004fbd35a0bbfb037,1,0,1,0,0
13f8a042af6803a44cd4dade3f4e2b33,0,0,0,0,0
0d382dd8d9b41e4d067d15d730d718fd,1,1,1,1,1
a3c7804c7b060b2324315a0341912b04,0,0,0,0,0
930303c38632d3a032f0576f55be58b6,0,0,0,0,0
8728a5908bd463bb55279b1df1e1de2c,1,0,1,0,0
3dc0adce21b9d335f8b4e7e69509f60f,1,0,0,0,0
5694745f7322f89415208aa3cddc2d64,1,0,1,0,0
3530d1029a87b28fe92b6b5d55a2b4ef,1,0,1,0,0
47d2ddaef9c63e4150b676794abf22a0,1,0,1,0,0
d9ef3aec7ece0027ffaa78efbc4b3d00,0,0,0,0,0
41f4f73c7fc370f9197afd82dfa9bda6,1,1,1,1,1
34cc080f96e5fcefd40df4c91c077ec6,1,0,1,0,0
76e24e9c67824a160724b021e539cbed,1,0,1,0,1
be6132f8c7fa0aa33183b78541835ead,1,0,1,0,1
f5db69b64ffc82ddc6067612eb56da9a,1,0,0,0,0
98fd706179af861105f687626a183676,1,0,1,0,1
7bdbbf567c52eb1ba77a70aedface689,0,0,0,0,0
f63404d298262f2e5cbcc9b18ffd3a59,1,0,0,0,0
78579790698dcfb33e92aaa31d0b4ef5,1,0,1,0,0
4edcb2c851944da9bfea312a042c4bd7,0,0,0,0,0
30de86f2bcc8a341364ccd720e94eb55,1,0,0,0,0
4fcfe70f4261e8ac83149ba3967adc11,0,0,0,0,0
dff47498cdbbb7a9235acc8b0d2da7ad,1,0,1,0,0
41090186b05b0bdba67e3bdede492a0d,0,0,0,0,0
bb2a9365bc7d5521b0995571541bb750,0,0,0,0,0
218b70e9c4ea3bd67ab2ee0c72e26e86,0,0,0,0,0
fae576e17bddbcae5a48859577948f88,0,0,0,0,0
4f05529295935de5a3dd29a259fee482,1,0,0,0,0
d1ec9b1c898d788e604cb53c05b1fc88,0,0,0,0,0
26d0cc551db66fbab52a4582829b1356,0,0,0,0,0
575235f475ab373c4944c74990f714c2,1,0,1,0,0
85caae9fb057ac5fb485491704ec547b,1,0,0,0,0
16a274aece78e77681347b9019dc2547,1,1,1,1,1
f20d70f9ef0ebba3f538b02e9bfa4314,0,0,0,0,0
502c3a5a78d52b7449de25d23f3a940b,0,0,0,0,0
1fb07b41436f1721393e3263ff0d73bc,0,0,0,0,0
f304a759caa76882d10bd1e249786fd3,1,0,1,0,1
0782747a9a8fcb9b7c7d498aacde4153,1,0,0,0,0
4793c440f890e577403431e28e295004,1,0,0,0,0
08f5052d2ef529c6a380cd17869bd4ae,0,0,0,0,0
fff28157bb5d7d16b2de84728ca37108,1,0,0,0,0
3816b1d83775614fc62758812b2ee7ea,0,0,0,0,0
3728ed7a14a622437f091cfa1bdc2dc6,1,0,1,0,0
46f5206fa66d29bea7694bc9a62ec70a,0,0,0,0,0
5209204908e7028ce6bc1f9290c75c74,0,0,0,0,0
9c8137def93731cd3151eea2ee95d2c4,0,0,0,0,0
12fa1fb05f73e81ad8ec9a356990f241,1,0,1,0,0
cf5d8fbfe75f1be352f1149d831b898f,1,0,0,0,0
355e848d05c0759c4e5735cc28689412,0,0,0,0,0
8fc211932e09dd4f0fbc0fb2a90bf164,0,0,0,0,0
aae1f1965c33a5f3dee2c9e605f847d8,1,0,0,0,0
85c4edf32129750e5499046f43767ffe,1,0,0,0,0
ecafb9071d572e17b3b189c80af9725b,1,1,1,0,1
d466ec6b1b395e9068e48e0a04d6d2a4,0,0,0,0,0
16efce248e36e9adf431935b9d77eecd,1,1,1,0,1
acf443b75a73491311d483345a77c13e,1,0,1,0,0
f95ebcc08477947d32063ab23f3095b6,1,0,1,0,0
c931d94d0504cb7d919a1f3ca22dd368,0,0,0,0,0
23369c8f98c4355094c5ad87f79a5bb7,1,0,0,0,0
e39328e784c9524b9959d420ecd24672,1,0,1,0,0
6b7fea62f02db6a24829c4e9b822661a,0,0,0,0,0
4b54f5898019c4f88becd1b9932fb533,1,0,1,0,0
221994d4b0f83b61fd0be964ec82b522,0,0,0,0,0
7583964076b26307e092eec093e4954a,1,0,1,0,0
30e451a7ad170d12b50945f501de99e0,0,0,0,0,0
9738f17c34cdf827e92b7a0dc86af11a,1,0,0,0,0
9d265ec22896d1038a701c29192bff0d,1,0,1,0,0
115289715f4144044614ef255a0ac700,1,0,0,0,0
06f2a50eb84b04a6a287b99c503a7546,1,0,0,0,0
37e270de0f5a765bf0ea76d779c51190,1,0,1,0,0
658026cee1176510b2f96b969949b795,0,0,0,0,0
3d173a0bb1879098b612c50b29fbdcfb,1,0,1,0,0
d2b4a96a3a10c7e89a4ef3e75b595f00,1,0,1,0,0
42baaeb31bda50a1aa32fa4f9d38ffb6,0,0,0,0,0
904568cd2794f4c8487d4ddadd5b6260,0,0,0,0,0
6f40085f4e4d5b5ca303521080e0d1a5,1,0,0,0,0
9e861eeb5acded943964ba3449267a81,0,0,0,0,0
d8f39d677f7336f962cc590851f3dafd,1,0,0,0,0
717adfaa15d63c54444f1fa1022e6bdb,0,0,0,0,0
34903a74969d04eea5c092a760656915,1,0,0,0,0
e21dc3d0b48b6cc468164d2c02c2c18c,1,0,0,0,0
7e17efabca87d1039ebe40b11ef3beec,0,0,0,0,0
67fe38ddd07761d8e5102ab81a4c368e,0,0,0,0,0
a4c5c2d19c87415e76a1463f59ed7e81,0,0,0,0,0
e74f495cc35078c05b3a433fc98c2380,1,1,1,1,1
4ababef7c1f1b5441072b2e428ab0e77,0,0,0,0,0
02abb743de52aedf7529c47019f60e09,1,0,1,0,0
1974074f3033ce93f5c83af200b8a44f,0,0,0,0,0
f7243a4e92567238b6e7bf79ca174cd8,1,1,1,0,1
0a2d2c88645c78b441116dff4157015d,1,0,1,0,0
9725d66a97b4c88f622fbd63bd266073,1,0,0,0,0
e87873564e743dec794f61fede9b87b8,0,0,0,0,0
69620acce00a1534b5fc6589d1d1f22f,1,0,0,0,0
42fd7dfc1817dffef0dcff6df0e373f7,1,0,1,0,0
56f173e194c84a96f391f16aa579fc26,0,0,0,0,0
36bc15902a03be99ceaed7b8eef8e3e7,1,0,0,0,0
b2a15eb832f76223b7044e17549f20c2,0,0,0,0,0
0b0d0c6c6a2147ee22c3d1071aeec4ca,1,0,0,0,0
65d418e5c478b2366fe5da349edfb87b,1,0,1,0,0
35d95ff20dd5e883772960c4a8b1fb6e,1,0,0,0,0
8fe2a2a11d3ba690d83eb99a478fd7c6,1,0,0,0,0
1a21dff5f7ff30984406575c3c68ca7c,0,0,0,0,0
fb33dad7ab4830fbf01b117e8d1ca986,0,0,0,0,0
919796529dae2362db523b2395b2552a,1,0,1,0,0
5b7c38d868cc19d5aa6d694313d7c125,0,0,0,0,0
be3886fbfc21c285e49e929ae6c478d8,1,0,1,0,0
d65799e258483992c1bd964aaa42d548,1,0,1,0,1
33569a062d70b93a385c3212213a667e,1,0,0,0,0
f8e839adc304da600b1b03027edbe741,0,0,0,0,0
28900148dcd9e83eb03c761cc9c6a831,0,0,0,0,0
ba8f5476099bf55d3357f36d3d030378,0,0,0,0,0
0b7cf8d0fa4d0495b57809b297a012cb,1,0,0,0,0
ed396fd12ac8d42f22d5876e997933ea,0,0,0,0,0
323e2e2c868c531fc89a15f64f3f23d6,1,0,1,0,0
8f3c21fa486c25e34079d40994f40388,1,0,0,0,0
ed60aa9abf67175bc634ac653b0d9884,1,0,0,0,0
31324509f87ab22912f778f45d06db4c,1,0,0,0,0
a3dba0d07f2ac73a66ff529ea1396b8a,0,0,0,0,0
c49007aea12a0da0475c48698e64ea4e,1,0,1,0,0
7659e2bd1b8f4da7160bc878abeeab73,1,0,1,0,0
3c5395886df6965304e5ae7238aaae00,1,0,1,0,0
e31eaf58e7bf8b23f2a04f27b274af4b,0,0,0,0,0
446acdf6c390856e6105faa123040ea3,1,0,0,0,0
42464c27433e31019779fbe54002fd91,0,0,0,0,0
d7df23d556581e9743233db8d6181169,0,0,0,0,0
c0d733c685ccae57f3cc1149771afc40,0,0,0,0,0
02a20fe9870e69fb731af35e5e9262d4,0,0,0,0,0
3f6d211ccb66e1ae8f055be90080ed35,1,0,1,0,1
41244cf812ec4b4e6659858b5ece4d54,0,0,0,0,0
21ad50481bd42374b180f6545f374288,1,1,1,1,1
e44485072c0ccf528d3138eab7bccea5,1,0,1,0,0
e6ac83e72b39abe05e592a904b181d3f,1,0,1,0,0
03c93fe8e81a786e6a064309cf71ca8f,0,0,0,0,0
a52ad8d9d10d02e96a5554e7bb740fb2,0,0,0,0,0
ab6bb1bd99b142728b2a0bd834d5be4e,1,0,1,0,1
1fd9ba9a9089944432106a4aee496ec9,1,0,1,0,0
74567b78322327b70a62414bd0d8332d,1,0,1,0,1
0b78f513fc4ae3c9f32ddf9612a58b32,0,0,0,0,0
a5e773f9811ff137b07f9d8cf364e685,1,0,0,0,0
8ef0dc57311663ed77afb9dc402609a0,0,0,0,0,0
5ebfd35e887969f4b6e79d93d8e4c2a4,1,0,1,0,1
1b327d749b9d2bf617fb4b3cdcec871c,1,0,0,0,0
bf3db86f41338cea2c4c272780a8f4bd,0,0,0,0,0
afba22f5cbdbefa8c7df43b7420dad43,1,0,0,0,0
6ae98472101f93eefd1364c58c345488,0,0,0,0,0
fb3c74904114fc5a040df525a38f41ea,1,0,1,0,0
f690fa96c9f3b5d4aaa62a8a5ecdaa1b,0,0,0,0,0
79b2bcd3bc6c3d2f8333738136041181,1,0,1,0,0
2712448b373405d27b65eb7ea5e38d95,1,0,1,0,1
bfb54ad90fddcd380617ca126bf2c759,0,0,0,0,0
595393e7d6d4204f4a166815542e18e5,1,0,1,0,0
f24c46aa082fa8f0abca937f73464e07,1,0,0,0,0
a041d4fcbaa1891a572ec05859d745cf,1,0,1,0,1
63536cc1ef8b64c871fd33b25e4f0ca4,0,0,0,0,0
83aa1038b2dcb6a20a54ff7692e7d3bd,1,0,0,0,0
858909789354ebe1a9df60ce7267abfe,1,0,1,0,0
d5c3239a73fc8474d0daae63e3eba3c1,1,1,1,0,0
b1ee8146628bbe905ecac7ba988c51dd,0,0,0,0,0
d734812a1bf936108991419f402fd97b,0,0,1,0,0
86257f9e9538fa837de2ce0334cde476,1,0,0,0,0
20232e8f7509f01c4b3bd0b575ffac7e,1,0,0,0,0
21e2e3714424d11add316c87f8b0afe0,1,0,0,0,0
957d74db41861aa4d50211e8aca81765,1,0,1,0,0
7f477d7596dcafc81b4aeac3a198ea2c,0,0,0,0,0
4e6d6a3cea467bfbb1da549148179ce9,0,0,0,0,0
e13938787e3ab198479a37ac26d85172,1,0,1,0,0
901715631864a2e6aa19b95f98e676e1,0,0,0,0,0
ee99097642d6bf4271be1829fecef023,0,0,0,0,0
a25b8afa97b7ee601e2bed2d039c3e96,0,0,0,0,0
2ec9a22694f911350e7f562249582391,0,0,0,0,0
274aa1fd975bc82697af50dd105af468,0,0,0,0,0
b71c0eca030f8fe47091dbf536cca715,1,0,0,0,0
38b88a57248b60e359f002a1e1227833,1,1,1,1,1
44b4e99f0f0405c650c340c91d87afb2,1,0,1,0,1
cce832cc17d32a8933f6c8e856281976,1,0,1,0,0
62f6bb046ee04be1c1a880e12ab9a211,0,0,0,0,0
dc670643ecd609ef4b583583d7389630,0,0,0,0,0
6b866b8b6ba78eefdca3e7b824a25dd8,1,1,1,1,1
6e707c84984867e92f1c107175075384,0,0,0,0,0
3ad0059c496cca0a27efecf42d81a4c7,0,0,0,0,0
fa0d6fb5865051d44df40ca1f8920f7f,0,0,0,0,0
2f04ebe0fd187b9ff010655e8ea3a8c0,1,0,1,0,1
c50aff553a940d47e6a11828bf6759f3,0,0,0,0,0
448fbe4071c466d7581723b198a08293,1,0,0,0,0
05f4642445c699e5043576c1b2a4307c,0,0,0,0,0
f382720f260a2346e17dd8671225d833,1,0,1,0,0
3f7485944f80f15abae6591edab1603b,0,0,0,0,0
f36e338de7f519168564a4ebbde0fa85,1,0,1,0,0
5fb1e3db6569a4fc20d05df1670698e6,1,0,1,0,0
97450d6f5ad7256eac1682b01ca7e9ca,0,0,0,0,0
a99588c218c69badf43a48c96509b2c5,1,1,1,1,1
6d2b9a8b672a322724063d843b76914c,0,0,0,0,0
2eb7d3da9795e1a4da33d9152f9c7cec,0,0,0,0,0
a39b44b0defb57ec9a093f3ee44c499e,0,0,0,0,0
5f34792add81a84d5739af51c56222d3,0,0,0,0,0
3bae025dbb2293b0a67824a548066aa6,0,0,0,0,0
88f1bfa7133b7ddb4639d88bc6f5b038,1,0,1,0,1
cb25e09cf127fa06df976e68491231e4,1,0,0,0,0
48f393ad5a491724f21a9e588ae80fa4,1,0,0,0,0
c28638a10d387a56d328dc24c8d519c2,0,0,0,0,0
8a8175c081cf0968d4b741a1c3817f2b,1,0,1,0,1
2a95b528d92db1ff99ac1e7ef46a3f3f,1,0,1,0,0
2f8bb34390dc88c2c6b8b99c63ed42c6,0,0,0,0,0
ef5c956831ff8401620416e22cc8406c,0,0,0,0,0
0554bc33047e125dda5d6e7cbcda1d0d,1,0,1,0,0
d07d5b560fdbde37716ab86afbd7ed3d,1,0,0,0,0
4da6807387b3b86ce545a172fe208051,0,0,0,0,0
e4ec0f11d679c51b34153035f0a83f43,1,0,1,0,0
1217a2cf343616c20b23a383400704ae,0,0,0,0,0
095d5821f5ac0ee3135eb2f6ca23ebb2,1,0,0,0,0
03c3d471be5e71b6147507d7a02cd9fd,1,0,0,0,0
ab09ddd2728caf212e396d312af4f740,1,0,0,0,0
aea0c3401a27b22bad7bd6e35f58bb49,1,0,1,0,0
63c325bb8290bdd59362412dbd8f3a91,0,0,0,0,0
5543a078df3dc575e3f69dd0d2271aa2,1,0,1,0,1
531b0eda02870028f8ea4106fcdbb571,0,0,0,0,0
46dfda1b2f8c2e3c28725e12d4fb0d19,1,0,1,0,1
c62ca76ef5025ba4e946c854765f5425,0,0,0,0,0
1b9efcc1e2bc710b630304b91ffcbbcd,1,0,1,0,0
f17fce6525d2b1a4198d31095a6a55fa,0,0,0,0,0
05268fa26f3fc99db9fc878d55544a0e,0,0,0,0,0
06781e0b138e1f3257f6cc6a25608f3c,0,0,0,0,0
959cf6d3d544f51a1afbd20ea39e1a51,1,0,1,0,0
1f83177958c3b7a577df4aaecda5165f,1,0,0,0,0
5effa3c1908ac3e9693f371a24f90217,0,0,0,0,0
505f216a315d010b525a9fd0b4642b88,0,0,0,0,0
bde605295caf15baec07c3ef581ce56c,0,0,0,0,0
606a9c038f9601a944d1436843386617,0,0,0,0,0
7e0cb6d696ad5502c919ac3018b272bd,1,0,1,0,0
ffd5346aad2bb388cc13071016e377a5,1,0,0,0,0
e1ecf3a3576b615e7581bd845f8e158c,1,0,1,0,0
3af195a8ed0a64da16670760301eb142,1,0,1,0,1
bb25786eceb6fc5a63e7a047ddfd2102,1,0,0,0,0
8605f2a32b8c2fd0fd39933b5a35ea0a,1,0,1,0,0
f663aa69b994a4d1a8b5d8f967e9311d,0,0,0,0,0
13ff8fde8b08e1a4c01b6e614054b9c3,1,0,1,0,1
94d716c8ea94a2aeb469fae3650ee960,1,0,0,0,0
f0b11a03b8f640d83b7def59f6e9b8a6,1,0,1,0,0
bcc6fcfac04102ea882194cc9a9441e8,1,0,1,0,0
4eba33d6ec4df2a77375b8c4ed57c2fe,0,0,0,0,0
9c76d8a00a69aca75178933d17ebc1a7,1,0,1,0,0
7bc604576c310698a661291f30574320,1,0,1,0,0
ceee22d576fb2564aee7d15fe390e4a5,1,0,1,0,0
8d86a4ff7dfea4c89c548b8b38e93100,1,0,1,0,0
cacbdc1054b37a5835e34b9a8090a820,1,0,0,0,0
628bff487a7f801a32daccffef4f9bc9,1,0,1,0,1
ac37aa58251aaf9bda5b5c839313d9d5,1,1,1,0,0
a04a62fe8d85d7f352f46cd946244439,0,0,0,0,0
aa7a5ebe1315f2ed3b994335a5437fc8,1,0,0,0,0
7be1e209bc760127bc45296d1534a324,1,1,1,1,1
e44de63d9747a484f2e3236f00b371a3,0,0,0,0,0
e98a01a142ee6790f9e1bb490056f8ca,0,0,0,0,0
c86e33cc2319e0ff5ac510a4c0e2a5bb,1,0,0,0,0
b520e5f82007e9106674a03bbee7e5b7,1,0,1,0,1
7a029599c467724b7efb41a686f78409,0,0,0,0,0
0215bd157bd4649a59454f700540a834,0,0,0,0,0
76025ea7c86b8c314e078de66784c86e,1,0,0,0,0
79d5d2e26d82b696d0746a8d47f3ed35,0,0,0,0,0
1e1a897e93b42ae820b0e1d5aedecf1d,0,0,0,0,0
93f86a429ed3d665688ac6b470e70c7e,1,0,0,0,0
05fbdd8bc02645ae2e39a786daaafbe4,1,0,1,0,0
988aa1228316583fdafd791adcbd8919,1,0,0,0,0
bb081d5c54ac175ea36ef238020a3c83,1,0,0,0,0
06ef163cb588a7304c0ed78b00d16ecb,0,0,0,0,0
85b21f86ac0e9629bd2d9f1808eb2d87,1,0,1,0,1
bcc70147aa31ad58b53456ed023a613d,1,0,0,0,0
fa989e0d6e8242a83e1a5e2ee5796a05,0,0,0,0,0
a21c97639dc2cdb640f0e91f39c072d4,0,0,0,0,0
429f930885c8d75eb30f08d5bfcc1d0f,1,0,1,0,0
ea5b66ddc7ad4e35324af91d0129f92d,1,0,1,0,0
e90ed454271fca4fe68a326335cc9ec2,0,0,0,0,0
67e48842d3fc26eb4253d5edcb4fa56e,1,0,1,0,0
02c331ef85e40f866a04b80f72aeb13e,1,0,1,0,0
9fea875922df1c2716eda2fff310ffc5,0,0,0,0,0
df2fa2e04dcf8dedd4d72f8b8e95e639,1,0,0,0,0
3bebf8c430b492ade3af528a97a7ed4f,0,0,0,0,0
193bacaddb77a054d7cd49a849c08ea5,0,0,0,0,0
6201a6c7a3a62fe79ae568ef0ca66708,1,0,1,0,1
e8cb03cfdb72e4aab0b00dcaa5d747c3,1,0,0,0,0
c2a0cad99c6d18c24a1e57212868132c,0,0,0,0,0
c6a181e373b053882babef9efc931c1a,1,0,0,0,0
37cf15150be4efa851d1acfd449c4d31,0,0,0,0,0
84e2678acb3c6f74ab0c38531bcc3759,1,0,1,0,1
130b3acbd3e898b75651663fc7403e2d,0,0,0,0,0
3651725a8c9880f17841f6b95e2a9fb9,0,0,0,0,0
766933fb987e7b7a8a0950b82b195864,0,0,0,0,0
5b887925312ddd5d25eeb98420ca2575,1,0,1,0,0
977074c944c33ec1de0f31851361fd96,1,1,1,1,1
fc947314a8971f81d2ff316eb0ff6a4a,1,1,1,1,1
e0982546f1b57f3ead85e0ef18167c6b,0,0,0,0,0
cbc453fd1d54352187ed242e3a7d344a,0,0,0,0,0
6a06f178f1a27bcd71e2673af4d1dbe9,0,0,0,0,0
e60f6790a83fb37e6df331e57ce72438,0,0,0,0,0
c5907246603630c53ef9c2b9af5e95b9,1,0,0,0,0
3828d8bdb2747a0bc79fafd2794509db,1,0,0,0,0
c01642ef7e911c0a5105a23d5ca736f9,0,0,0,0,0
83ca65240dc65c707dcde2c98e0d9d62,1,0,1,0,1
7b6c225b367526be8a161827ee3aadfd,1,0,1,0,1
9ea937e96ea83d552f8941b285ba184d,0,0,0,0,0
9aa8529485296896a41a2ea8b7080e44,1,0,1,0,0
7d2ab61477e4f7caf681283b3d6b3ee5,0,0,0,0,0
63284b0e208ae5b479f8c75a259f7036,0,0,0,0,0
f26717d4ea4ce972c63caecdb4ec2968,1,0,1,0,0
cc1f8db5f057531cfc7f25bb7dc48454,1,0,1,0,0
1325fa2a4c503c7abe03dd2cffbac65a,1,1,1,0,0
434add0afdbb32c28167bc8e3979ba35,1,0,1,0,1
e4cfaa999f52e6d69b132281ee896eae,1,0,0,0,0
befc028a14a9cb197fc232a04d19e682,1,0,1,0,0
a82e71b9468e3fb8260591737cf64a15,1,0,1,0,0
85448397c37ceea1e710f8e5618fe964,1,0,1,0,0
a154a8484cb93fe5dcdb6889dadd2be8,0,0,0,0,0
d447168f8d59c34a6bd3446c963145c2,1,0,1,0,0
a4014082a16935abb74d17c074e5c280,0,0,0,0,0
8f52580e5b9ae13c6880899a2ab07b47,1,0,1,0,0
30962df76ef5cc0554aa7016f4984f5e,1,1,1,1,1
dd6da1456e81b31fd723f03283bd3c55,1,0,0,0,0
fb2ecdfcdb57d11ad2553c82a62c37fc,0,0,0,0,0
1820ae1dc7e6f785991bb7be57a96d74,1,0,1,0,0
76ae3a7d9299b76c10281e6ead20875f,0,0,0,0,0
193c7ec63ec131e5d48bbf5741b8b987,1,0,1,0,1
dd607baa3bd28beb96e0cbac5f00c8d7,1,0,1,0,0
9877e1e33ab7a8b66532e1fd00f89be6,1,0,1,0,0
7c552cfcc4d67f9bffebb9f85267c7c9,0,0,0,0,0
103a6704b2629298f477a036b8c1bd91,1,0,0,0,0
ebe19866c46e233a4c5107bfedcb3086,1,0,1,0,0
2e50360894c3b431e6229c1f971bd044,0,0,0,0,0
eade5320bb8eeb3f7e428aad04f8806b,1,0,1,0,1
bd99dbaa9c6f6764cdc20bb682b963fe,0,0,0,0,0
50ba818908a0f41448a15ef802639413,0,0,0,0,0
9b315ec6f43140a508477480d5a64115,0,0,0,0,0
bcdc130c02955d3f902a685ec75bf252,1,0,1,0,0
051777df583112d9513ca0697b5e1c56,0,0,0,0,0
04c9033359a516dd7fcbc0077beff3b7,0,0,0,0,0
2cf748473df9bda47cf55add6b4c0b87,0,0,0,0,0
0331d2ec06b0295b6412f097698b7131,1,0,0,0,0
c2d187c928e555d3881520a5e77c48c2,0,0,0,0,0
30b8c3e6ec1a9c885d9d21dff922799d,0,0,0,0,0
f0b4f86d299a4f1ee41a31ef8464a0e2,1,0,1,0,0
461562ab7a5baa0db73d7141402f7147,0,0,0,0,0
97870a07ec606d35a5578d85987da385,0,0,0,0,0
35d72cb491ed7401ca6151dcffae11ee,0,0,0,0,0
097aacefe141d7bf732d3037ad66469c,0,0,0,0,0
fd8c672bc692ffcf73e3f22a5cdc170e,1,0,1,0,0
21ce02313c94758e043cd456e6fd8549,1,0,1,0,0
acb3aef7e108df4ff4f8979764a0e366,0,0,0,0,0
df08f69d5fe1d3cfa236c1b8b3212c97,0,0,0,0,0
1f9d7cfb033a9bafe8a7308ef1b40fca,0,0,0,0,0
eeb7e4f489f88155f6e0ce57ca4c9670,0,0,0,0,0
96d3e327274ad74532665e3e3acff7f3,1,0,1,0,0
e99acad5c71f605eab0851b3092d85b1,0,0,0,0,0
9445bde85bf4fc8054ada0559d43a981,1,0,0,0,0
6fe7e873265247bb08f602ce057115f2,0,0,0,0,0
be375527f90a728bd19fa378ee50d6f6,1,0,1,0,1
41423a07fa7fe4bec34f2384558ff050,0,0,0,0,0
2924f76adf3fa073fa57509f0c15861b,1,0,0,0,0
a80e86b14b3a0a4789c08439f6fcd766,1,0,1,0,1
0f3a719dbe8a6a7aa943df3c97f17ab3,1,0,1,0,1
53fe558d0bf632220a7d820bc5a21e4e,0,0,0,0,0
dcbdc26e1cca164ef2da2d18b1defc7a,0,0,0,0,0
e0318dde3d4280d56cd6378621bf69a0,1,0,1,0,1
988c6302fea704853efcf0bee497f0b2,1,0,0,0,0
2d0b2aaa0c6f903dc3873dc601aeb981,1,0,1,0,1
fdb11064b27c8628f834f545e4cc3316,1,0,1,0,1
41b9870b3581b38e7dcf4f9f754838f7,0,0,0,0,0
ccbafd2a4f3ed36728f3417fad1975ae,0,0,0,0,0
0e076717a3c808bd44a16a759491f804,1,0,1,0,0
8b621e1476798c64cad4a3755d061dd1,0,0,0,0,0
3ba344d80565fe39092ba0117516da2e,1,0,1,0,0
3f48d6e1eeaf37ce8c0e72768c0fe9d4,1,0,0,0,0
204bb8f6369fd70c7ba5acc08c7f149d,1,0,0,0,0
2cabe7670f212560391e11a138b76351,0,0,0,0,0
b3d8d47d6b04898a5b012fc2e659781c,1,1,1,1,1
4e11785a5618e72c2d0657a266512864,0,0,0,0,0
77bc1c51af582210f3b1a3c0ced253da,0,0,0,0,0
6e9d5846deb646a87930db7b3883be93,1,0,0,0,0
eb0f2df7f06924bbee7d2c8aa52ff65e,1,0,1,0,0
b645791d5e7521995b9a102c97641064,1,0,0,0,0
a6c4254c0ca7fed829b55dc74782cbcc,0,0,0,0,0
8e536b0a68185b0778b9eb66a74e2852,0,0,0,0,0
fe3d988b314f1ff4b241a5a555bd909e,0,0,0,0,0
1e53df0b8152245f9a2b1e1827acb71d,1,0,1,0,0
6e3a1cb6aa95628a3044eed4916df6b9,0,0,0,0,0
48f5e611c5e780c0691d698b1fe42ae7,1,0,1,0,0
2283ff3538963fbf71b0a7d35351db20,0,0,0,0,0
3f5222d138c12b88d9c8fa622ea83855,1,0,0,0,0
b88dc9374f9d4db9467fe36f9b4c9a01,0,0,0,0,0
2644665db90a2cb74cef0e7ee1bce767,0,0,0,0,0
547b7f6fbe8d178da14afcdafa177a13,0,0,0,0,0
2398f83c026fd1ab9f5f0502e71cbe66,0,0,0,0,0
6ce58d76d9e8a49a49fa65062becd8df,0,0,0,0,0
07374820c5cf59afebe47405e6fc299b,0,0,0,0,0
ab83da56beb22686f34e59bc6399d1a1,0,0,0,0,0
bfc1314ff249200d44b0569883235d7a,1,0,1,0,0
f3927ba812c52914a32223c9517c2f74,0,0,0,0,0
801cc3d9fd055e6138a6db7494e49ae2,1,0,1,0,0
92957538f9457bd07731024ba796c550,0,0,0,0,0
378d715dd4a6e23ab74680eec2457423,0,0,0,0,0
0a358f8ca4d1af22d7ed4d8d81aaea50,0,0,0,0,0
f2f2f9d5bf463dd9c1f793676ef4e038,0,0,0,0,0
da778996568d8cd2945f8df04bd46597,1,0,1,0,0
86b7452f464e770d59f77946a1054dcc,0,0,0,0,0
09690e1e9f336e6bd9f411804d22b956,0,0,0,0,0
e83a8ae85764fe3de34ffebe4a227726,1,0,1,0,1
89becdb54ad4a4981b27f6d6a3d2d161,1,0,1,0,1
0a2deaf743711af11d3ba32cba394412,1,0,0,0,0
0c016f20f563a282285159371ecfb601,1,0,1,0,0
5f49d9d0e2d38adf9f3ac01989e8385f,1,0,1,0,0
edbb70602be130921ec04afd23ca2501,1,0,1,0,0
d626a77d728215715647b1446be0e7c5,0,0,0,0,0
e94d76b1a4df3618f0ab00574aa70cce,0,0,0,0,0
15326f16bde8ba6f827232fae420f333,1,0,0,0,0
33d59a84181cda8625beb636018f50a3,1,0,0,0,0
6458ff58d38a0854f80d5881dfe3d2bc,0,0,0,0,0
7ffe876536afdc93371df670c575a402,1,0,0,0,0
b22bc204d80036157e80719121c50b25,0,0,0,0,0
40208b911d0f8255693466462079ee48,0,0,0,0,0
e84160b12613f3e11b047fe0a2b8cb20,1,0,1,0,1
8cab65a12b6534a4436f7b5603930296,0,0,0,0,0
bd9b297c4dd23973ac78301f38ba13ae,1,0,1,0,0
e7da6a7a2a1e6897541d19a73fcb92c4,1,0,0,0,0
4c7b5128a4c03ef0b4d543da07e6f891,1,0,0,0,0
93198cfbcc2d0cec14e175e6b3151e5d,1,0,0,0,0
4fb1bb78720f1d7fcfcabb5d8741cd9f,1,0,1,0,0
9ee7b930c6dde934ef3f8e1074397111,1,0,1,0,1
101fe3183474f8a2b7d750ad26220efe,1,0,0,0,0
024e2c7ed7f974c9e4ff368a037f5457,0,0,1,0,0
c8946b9614e5071c13a1417a02559ae5,1,0,1,0,0
f24157c5a353b38f05d5b596903905ab,1,0,0,0,0
df4ee597943fc4268f1bee30b00a30fe,0,0,0,0,0
248679018dd374651080e22e848720aa,1,0,1,0,0
9314afe95ff72c883e879727eab4e2a0,0,0,0,0,0
34d65e0bbd73b054e88e4cb8edd7d165,0,0,0,0,0
9a22bccef2ab1c18ade71b15347589cd,1,0,0,0,0
fe44e29bca9c102a46ae1514e826989c,0,0,0,0,0
bd5a1729170f73aef53a33335d9035ac,1,0,1,0,0
00e0dc50bbe35b70cf33c173bae9a9f3,0,0,0,0,0
a50d692d61507b1a15b6d706fd4bd323,1,0,1,0,0
32bc988a96af8ca791ade06181e7ad58,1,0,1,0,1
4a146731fd5d772c57f9d9b3d8748016,1,0,1,0,0
2d00b3414ea726caa6102524813f135a,0,0,0,0,0
c8470848b056533c6d30afe03ddce852,1,0,1,0,1
1805b9e37be318d04c32c48cde35cea6,1,0,1,0,0
ad39cf50e309c930f75392a86d180357,0,0,0,0,0
efa7dd186c5af0d77239ba531712d010,1,0,0,0,0
4ef0ff7bfed177a9081d2de200650ed9,0,0,0,0,0
e929b2e3feb29a0e3e3e8009ea1be3e8,1,0,1,0,1
9b9cf8e21b92d19a2a5545f7a4c68ca3,0,0,0,0,0
e4b96ad6814c023c2077c3aec7c1b999,1,0,0,0,0
bebc6c25bcdc5c65cf25801421d26433,1,0,1,0,1
03b46d5f04a104084b34028a87febcf3,1,0,0,0,0
be8f2d95c43376b84b55712bdc2e4ac5,0,0,0,0,0
37629cf30f0f1eacda1261931bf5a355,0,0,0,0,0
b42957bdeff4a10d129c3afada32d614,1,0,1,0,1
4728c7bab358f97db0402057d54821d5,0,0,0,0,0
cf4ca1b11a8855c38f1bd67208d909d5,1,1,1,1,1
df078cee2af30a55a3b626316f492e03,1,0,1,0,1
ba8bc3f66f635190cce9227f4538de66,1,1,1,1,0
d9148105c65e01c741d99618a1f8bd0d,0,0,0,0,0
e2b89deef24955418ab490a16ee48d40,0,0,0,0,0
4f8e2d95c197e6395ddbf93ee9d514e1,0,0,0,0,0
9bb0e6c7ba2df716545a1b1d59188662,0,0,0,0,0
4697a370c1bcd74b1a46af61cb4695a9,1,0,0,0,0
4d48a1133735149fab4a91ce128134df,1,0,1,0,1
1481d8f1edd04bf141af97bb2d3fc6c0,1,0,0,0,0
c8dd23bee6086f8a7dd8e2c62abf714e,0,0,0,0,0
b2c7f937a023e28fffb94655c63ff0a6,0,0,0,0,0
8072e91f26bab41fa0136095f78fa6cb,0,0,0,0,0
185b79eddbe60f5f1265f9c1b9812af5,0,0,0,0,0
e4b0bb151e4f648055848a07b34b7765,0,0,0,0,0
3dc914c7e3753585e365651c8b406e40,1,0,1,0,0
4d860dbe813921ebbfc01b48f8f690a3,0,0,0,0,0
8076ce84674938d20744a4befd160185,0,0,0,0,0
d06d66d1a848a907ff7250e7b5d3e1e7,1,0,1,0,0
ce99f8598da0cd41f92075bc4a3c73d3,0,0,0,0,0
b139d6fa10daa9b364828c449e3436bf,1,0,1,0,0
7347b54c5a3970e06b2e37cd74d30124,1,0,1,0,0
1c8e0a6c546246e6a8cecd9e5f54a576,0,0,0,0,0
5a50d905d645778242327187b2f0bebf,0,0,0,0,0
c898ef10bec70dc3edd013709effed8b,0,0,0,0,0
e14704000700950a03fff4b9e33ee200,0,0,0,0,0
aaaab493f03deb943916ab57c6ec92a0,0,0,0,0,0
0a62566979b04f5b405dde5121fba3b3,1,0,0,0,0
991767a5a9c8114004256022e27eacb0,0,0,0,0,0
a8aef128ff40b1c386b5c46891678b1e,0,0,0,0,0
82fa740a8ba71e91eb1186a5f5070e2b,1,0,1,0,1
a00db80d6eb0203dd6f43df1624ade11,1,0,1,0,0
9099587701460419a40063cc4b08bd71,0,0,0,0,0
7f527b0bde0aabfc7149ed0d6cfa0f66,1,0,1,0,0
1989ed655d2aa1a1af93bd37315319d7,0,0,0,0,0
f84c3de73b1b4db80e8a536ce441e679,1,1,1,0,0
2ebfd799613d72e73d33e18e13a58f8b,0,0,0,0,0
98a3be0d02e263942405261baa00134c,0,0,0,0,0
91693ffc85b45e0eb37f5b5700d62e16,1,0,1,0,1
0e5510512f64f75261dd7ca121f48d1e,0,0,0,0,0
75a22d8f5961b2c64bc4ae7e0cba0209,1,0,0,0,0
3f781c363e796faa25b719ccf1357204,1,0,1,0,0
7e64adf88ef33597ae1cf5824bdf3f52,0,0,0,0,0
56249c8eeb759043f7fda56d04f401f1,1,1,1,1,0
65af29feba757451686c74debaf18bc9,1,0,1,0,1
f5f0fd89c6be93f2b8e25b8434704ff9,0,0,0,0,0
4dfd6230bae4e028be5b42ea83550f2e,0,0,0,0,0
ee419c74b7b6346d1c0a0ef5e4f79cf5,0,0,0,0,0
bff6ba7a6d701982a89d3e0a2c38d499,0,0,0,0,0
3ca5952635129cea20b07e92b97ab251,0,0,0,0,0
20dae1fa04ec84b8ab8e180f7b5d5767,0,0,0,0,0
c972c3a42ec06b4418c3aca177e94cd3,0,0,0,0,0
d7b9753e5ce9599ef04c1315a3a36403,1,0,1,0,1
674f5c1570a2c1782c941bbf83cbc01c,0,0,0,0,0
a1173d4c818ba1c45ec8dcdd48dbf542,1,0,0,0,0
4f53dffb2e6c675cb286183db85aef20,1,0,0,0,0
6b531f07afda4f100aee1d95097d4351,0,0,0,0,0
81b3b8c08ed6288da51c1136dfa4b125,0,0,0,0,0
df72a878b00957adf9eb95fceebc65a5,1,0,1,0,0
41d0740658d6f624027f977aa794a1c9,1,0,1,0,0
8a5f6c7d6c50466434896191d43102c1,1,0,1,0,0
26783b46c36a8e044c703f68a95e5c05,0,0,0,0,0
c2081c34aac1b626863ffcefa9dfbc31,0,0,0,0,0
6bfa7511018e176da2b6a21f67d69f2f,0,0,0,0,0
1368a5c85f5d540055baab3d16932e0e,1,0,1,0,0
374c1362b00b0adc8ecfd194edbcd5b8,0,0,0,0,0
0b1b3d388d3761edb9c44de04b365d90,0,0,0,0,0
c8a8559fb49344b8505d91d6088524fd,0,0,0,0,0
aa760163fd1db0ae4bfc09615465ca0d,1,0,0,0,0
4d684e1c98632b1d65e5fd618fb67d1c,1,0,1,0,0
ec0cdafd75ded4c233a231725b890b24,0,0,0,0,0
4f84ef3541192185caea2789a690d20e,0,0,0,0,0
b2266a131b6845aaa06c0f76a6430918,1,0,1,0,0
41ae8895eff1176ce52f2980e3981972,1,0,1,0,1
ddbeb4751daf3a0bda914f7221407dc0,1,0,1,0,0
b90dcb241bfd89eeced38dffd273191c,1,0,1,0,0
a8f7dc63c61a7d9bc6da8f94e983a029,1,0,1,0,0
0908ec7468a8bbdc268c779f5b0f6a02,1,0,0,0,0
066a779b78f3a5a19b76b4ce2b9cf21b,0,0,0,0,0
5a01c8f0cd0c1d9f85afda16a57d9655,0,0,0,0,0
abd1e209eb61db67fd2d35cdc50d2ab0,0,0,0,0,0
799c4dfc2722828210f029ba4d777192,0,0,0,0,0
b001e262ebfee952075648626400207f,0,0,0,0,0
f993ec471354ff7005670ed58c863a08,0,0,1,0,0
78f458c5b4001251f65166c96a217e8c,1,0,0,0,0
d60e6ffd651b1724b22273669dd3bd34,0,0,0,0,0
0ea149f8a147195472c9c6db8a53d868,1,0,1,0,1
07cb1989241d9f86cac96e841ba74033,1,0,1,0,0
29c8c29a6869c64d4c609ed0ebab0417,1,0,1,0,0
bd77ad50431b310213093fe64a424716,0,0,0,0,0
9a981cc580f643ca2c34a911d2993a2a,0,0,0,0,0
4c6b018f0d9d5a268e6943e15d55b20c,0,0,0,0,0
7f5f1804759d8428d1b24b966a62e9e5,1,0,0,0,0
dc46ab3bc781418b35f200cec4023223,0,0,0,0,0
2aea0f23ac9859ca8ccc9be73dc6b88e,0,0,0,0,0
297ab16dc821ce2d258adc8fdf07bcdd,1,0,0,0,0
733345f0745293fefa13d8b6e2ac83ef,0,0,0,0,0
77112855030ea5cc6db519f2ccf884fd,1,0,0,0,0
df48d1fad6722e359895508d8e9481d7,0,0,0,0,0
c3ebaca5b4670c16112d9869944909db,0,0,0,0,0
731b3082701131226391a6d4466ddf1e,1,0,1,0,0
61755a3b3fb7a3cb2ed62cd494361f40,1,0,0,0,0
dc85931993b70b2c536c9c0bbade0460,1,0,0,0,0
2bc48916731d2ba1423f9034822f46b8,1,1,1,0,1
92087257fec2c485d1184278cad40d2a,0,0,0,0,0
638f15319f52bd1dd38e57b09a872c2e,1,1,1,1,1
c86ab7b8527e5444b076057deac78859,0,0,0,0,0
5c2404d5e9b222c996461c555e4d7670,1,0,0,0,0
6d6830f6055118118e8842ecc215f768,1,0,1,0,0
a14a7e0d0865d9b89d5c9e7a0e3e9c49,0,0,0,0,0
cf1f838944fdbe9982545865454d0ab9,0,0,0,0,0
f4d68733fe0e6bf370b46652203a3196,1,0,1,0,0
8fa39ef5fb0e351b455c94eaf67bf65e,0,0,0,0,0
59c84f11c3d0fbf9e01deea7e8288c6b,0,0,0,0,0
bcf406d0579250447852b05afaecb361,0,0,0,0,0
ba93b813bc73f7c0da5aa6d7dddd394c,1,0,1,0,0
be1e1e6cdb2fee18c39327c850e3f92f,1,0,0,0,0
d30af7e7a289918be3b9d3c8afbe7fda,1,0,0,0,0
84032fe843fc57c2b40d87f611dc10d8,1,0,1,0,0
114df2762508e02335f414e309d44ddc,1,0,1,0,0
5a0c03e43998d90d2d415b9eb6b1d545,0,0,0,0,0
a8b9934a10f8731dc9f88829bd8b9261,1,0,1,0,0
505b173fe0af63b2875cf11562f82617,0,0,0,0,0
64cc7852d2f45fda2778138ff232e5d3,0,0,0,0,0
42cdbe6a19ab1b1d33cafcad1c468ea8,0,0,0,0,0
c5e1ba99ae3404127629d5a85f52f493,0,0,0,0,0
e3d82113aa00e7c57686fa80f6b75018,1,0,1,0,0
f5065b80caf9b1d5c03447d33924277a,0,0,0,0,0
52d450c1610cfd5bd0e8347bdae439e3,0,0,0,0,0
2e4406d97c07c8b0d2a3bab267e6e862,0,0,0,0,0
a44dbb9fc7766dd7a69889290217237b,0,0,0,0,0
56e0e9a44e935fbeecc099b73abd03ce,0,0,0,0,0
72e920223b9ca001c8fbf279b8222845,0,0,0,0,0
6a7d995081e9a3d6dffba5a6edfc9ee5,1,0,1,0,0
01d6d8d2d19636e5eb2f456da9ee03c5,1,0,1,0,0
331d55a16adeef9dcb69857a00a2db11,0,0,0,0,0
5758cfc02f9200c84fca3f63b37ead3c,0,0,1,0,0
10386de7556d509e07cd716cf5d65cb3,1,0,1,0,1
afb66c34c50ed5401f1367646afebb29,0,0,0,0,0
315d7dcb5607949bed9db028f1520978,1,0,1,0,0
862b359af7ef1a8f94ba66fdc6ce6f92,1,0,1,0,0
34dd3f714027d4354726d27807854975,1,0,1,0,0
2db5b5f99805457eae9fecffeae6f3dd,1,0,1,0,0
f91b7595aebc44b5a3c0aa920d39fdb2,0,0,0,0,0
a133edf45ecf2461ef06f3ead0c3d38e,1,1,1,1,0
6d88228729596552b3862dcd0e7db9c6,0,0,0,0,0
3071a6813aa2373de051a82887af4677,1,0,1,0,0
ab64a547085e4ca3ef1dc5f003354696,0,0,0,0,0
04af823333242b6987d029dfcfbe5304,1,0,1,0,1
180c6c692fd8468b06ddef71aea21ce9,0,0,0,0,0
5f50bda3d562fb3e7b07b440b9b888b0,0,0,0,0,0
52313e6495280dece0c1f0609ea200a2,1,0,1,0,0
dbe5ed9199b5c15d51feb73de6dfa920,1,0,1,0,0
6a7a26ca759cb67abd9dabad30686755,1,0,1,0,0
1ebf15c7fbc4242fe0e23d9e2f47d11d,0,0,0,0,0
09516b74e459322ca787beeccb9d9558,0,0,0,0,0
52d94eb0f9bb3acbcdd0c188bf5d5055,1,0,0,0,0
e81399c9acffe21813f63666d4c02a6c,1,0,1,0,0
8d68df0263566e128dfdf5504facb804,1,0,1,0,1
dc6f8ba15473f11b1ff857aebe5c0b51,0,0,0,0,0
a25a24fce25f745d43265d29896f63e2,0,0,0,0,0
4d02c0ad62f73464806ae5596363ca46,1,0,1,0,0
08f2fce815a2e4eb8ee811c69302aeba,1,0,1,0,1
cce347e80b033686990d7d246c08d6d9,0,0,0,0,0
7b104da0ee753f5a8f5ef6a89d84aa69,1,0,1,0,0
ec6f1dadda1b1f4548277d258448ee07,0,0,0,0,0
4c32daa3cec12c4198588d9a1d092826,1,0,1,0,0
da46c43868077e24757817365d09510d,1,0,1,0,0
012490acab719751c38e4a73ec7aa72b,1,0,0,0,0
d80f782bf57cc948b25cbb8bc6251b5c,0,0,0,0,0
0016790eb8caa5fe07311f40ea0d4c56,0,0,0,0,0
83925dd17adcaab6d07ad1a6e28345dc,0,0,0,0,0
5cb9b6b2a8cf6e4d626149b2a87c82cd,1,0,1,0,0
3e313f4d8c308eed78222a3319fb4016,1,1,1,0,1
016799cd40e8e9bf005b4d2b31ca90a1,1,0,0,0,0
bf00523b692369cc1f43f359c9c9ce9e,0,0,0,0,0
a7545ea0c1729c01c4b08c8d91bbebef,0,0,0,0,0
297e6ecf116fceb4120e6417e003c5ce,1,0,1,0,0
249bfb1ce88adf2942f19f6d7c140264,0,0,0,0,0
701f9678aedd98a66dd2759ece297c5c,1,0,1,0,0
19bff5e1dcad429b595efe6031e9c4ad,1,0,1,0,0
4494ca9e5457a5d2f03b00c23dae8183,1,0,1,0,0
32c266d749956dc507be2f0bde1aa96a,1,0,1,0,0
d1e819c4a97d129b39a6dc84c511f76a,1,0,1,0,0
e9b5a71a23dbe3709b6cacd844c9eb41,1,0,0,0,0
ad17d73a43c81290693439e94d623c16,1,0,0,0,0
1c66cad604669e769401a510dd7a4cbd,1,0,0,0,0
3d183aac6d0a84ce6d831ea15b23d03d,0,0,0,0,0
c50729c9d3e328ffcc43c1f62f723502,1,0,1,0,1
5f01518dca3834f434695f34ae5b85f5,0,0,0,0,0
1a39a2c0c3adae5f1232c7c543564c81,1,0,1,0,0
610b05e4944e8591bb6d13ae6c8509fe,1,0,1,0,0
4c2fb2581b1e20e4651c08594c2ab500,0,0,0,0,0
46cdc9a4d81e9193c0e7018fa859663c,0,0,0,0,0
9cbe4ac33ca3ce6d5a78241ea726425b,1,0,0,0,0
8bb7a77b3d90695a5717dde51b2d9b75,1,0,0,0,0
4d38067f73069caf7a9a7afc3d880698,0,0,0,0,0
31256a97ddce26a3e901d2d4ca8029c3,1,0,1,0,0
5082fa126f4d1e9317aea72f608cb562,0,0,0,0,0
9aba54e25e471521a0264b687ad8a587,0,0,0,0,0
f71898933f53d703e3264da7bc234b55,1,0,0,0,0
cd1b9db7ad20defb64a85d3fbc67b46a,0,0,0,0,0
161e49fb0bdb9fc1d5eb24530b384130,1,0,1,0,0
70f990af88823215dfe00de80f08b2f3,0,0,0,0,0
797ebc382ca93e90e53423d48ad0e3a0,0,0,0,0,0
6fac5cd5a9ab7b0bcecaadfeb0c010b5,1,0,1,0,1
4d6761b2c6b09d681a90b74be64aabd3,1,0,0,0,0
d35168aee0d380376e8b148eef0da28c,0,0,1,0,0
4da034c6ca5dfbf196155ae0f1122907,1,0,1,0,0
ed5160bf6a027dbc3b4e28a7007196c3,1,0,1,0,0
bcdf1b2522bef558f4911257b75b89ea,1,0,1,0,1
84e8b9236bdb6fed3c30d4fbf35ba850,0,0,0,0,0
ef67a100082255b81c9ebb8bb42898e6,1,1,1,0,0
d097188f44932d23ebc072036991d07b,1,0,1,0,0
2deb544e62af6ec3555f1482a1e3318d,0,0,0,0,0
84afef10f422cd182b628de1ce9d27f9,1,0,0,0,0
241291d66ee9103f0a65b88d7c528106,0,0,0,0,0
303adc94e718e5fb9027fb237294d6ea,1,0,1,0,0
4bce59eeef82c1539da88db5be5a8cb4,1,1,1,1,1
2d4c65f9e0e9e8b6a8c5e2a5a76b057f,1,0,1,0,0
c2a5ffcea9db89bb5300221d1caee4b1,1,0,1,0,1
a16c62fb0987d5b753bb2687a05c196e,0,0,0,0,0
b56dda96ac1795e99537fdf340a3a1df,0,0,0,0,0
5ba65939fdd7e9d5627c2fb944ada914,1,0,1,0,0
a5ca948cbe212dec3f0a0f229275d376,1,0,0,0,0
5e5423b759febda10d7eee2c26210a59,1,0,1,0,0
af41b0d4a622fb61236e166c3807613a,1,0,1,0,1
bc7619dfccbe75e3ec78c77ea1a87791,0,0,0,0,0
eeb7926fc20be8d6815ec22125cffee9,0,0,0,0,0
671b3f4e763e4f9e0c7831884a337aff,1,1,1,0,0
2d319ec07c1493888f6147c966e1d13c,1,0,1,0,0
47d453294c5fdd1f9441326605e65dd0,1,0,0,0,0
e60b2184ae651179d37e107f740bfc80,1,0,1,0,1
d9389609d4fe7bb6a32e2bb6cff7818d,1,0,0,0,0
65e5121f0cc736b2edf0667d236f1b5e,1,0,0,0,0
23865507b7f8753026259a2345f6a2d0,0,0,0,0,0
bbfa4bb70ea00a2c1b3cbd7cc210f594,1,0,0,0,0
aeb0d59895cd8b845ff57b225d4de246,1,0,1,0,0
63b62eb7c4d777628743abe3e9350370,1,0,1,0,0
a2559e07d88650f1086d58052a763d6f,1,0,0,0,0
6c439f2ee9241823d7e07615dd81c0ba,1,0,0,0,0
bc9a43adc9d74fdfe9030ca76370961d,0,0,0,0,0
60375babef5633009d2571a7a6efee50,1,0,1,0,0
cb83d300e3ecdfedad324ce6e43f2a8e,1,0,1,0,0
7c9ba558f07dd72bfb0c7f6e79e447d3,1,0,1,0,1
9408a42e7f4da26ea736a31267931df4,1,0,0,0,0
855c1b14b9a40e9270a65807fa8b3539,0,0,0,0,0
e1fe9386fdcf7f49e2f2ddacdc8d3fac,0,0,0,0,0
992361c7c0382ae79a2725f16be4ee18,1,0,0,0,0
25e0f2388e83c4a52d320d09c68476d2,1,0,0,0,0
831a914133ddf6dab4d93ee4896cb567,0,0,0,0,0
f9f78c9431d7c28a6118a189b16b3791,0,0,0,0,0
70d24aba9a02dd4b872e0f3456fc9f0a,1,0,1,0,0
8620330c2bddfaa6ce02a09686104678,0,0,0,0,0
e575a1f7c876cda470047055ecf3cab5,0,0,0,0,0
947c8cd10cddaf5737bb792ed653dade,1,1,1,1,1
e34500f55a75f7704890a575f4a45d30,0,0,0,0,0
75993c9e9b002b966f63cd9aceda7243,1,0,1,0,0
b35fdd0bf2f9ab358511c722b94061a4,1,0,1,0,1
c38cdd64e41f6c8942620b1e34912ea8,1,0,1,0,0
6c5611ff7859000e7c226ec43103a712,1,0,1,0,0
e4a9fc17232024b143ea311b941138e5,0,0,0,0,0
1d7bed402707d6468b716571ebac764a,1,0,1,0,0
a38075ca12a906b80aa62136387fd29b,0,0,0,0,0
81177036f47a0f3d715ce4746d927e47,1,0,1,0,1
8e80ec33a006c29f99931110000c2118,1,1,1,1,1
5c53b34a68987f4adc2d261dbb2bb529,0,0,0,0,0
bb27b1aae5d650c491434374f475f51e,0,0,0,0,0
2ac6b11ebaed0f5572f09e4491d0f6ea,1,0,1,0,1
23f84d060bee085113774d3ac868e557,1,1,1,1,1
c6f1f436e084494ced8509c80c625b03,0,0,0,0,0
a06091b072be9e510031d55af8b32289,1,0,1,0,0
c99858f165fb99f9249db378cd30729e,0,0,0,0,0
c8e741e01c7975620beff82757bdfa69,1,0,1,0,1
6b951c93c7931ab021c8a5122b12aa90,0,0,0,0,0
dd0185e1ea3820863e4d6a1d11ffb1d9,0,0,0,0,0
4bd103e7b8217d80cf851f7144c1161f,0,0,0,0,0
92e1ef5bfeed6365638146b79b945443,0,0,0,0,0
bd6f5aeab7f197a017b36b8a49bb6ad6,1,0,0,0,0
28bfef24e1a1445a722b2b7c857aa210,1,0,0,0,0
4f42f87e76d682d6c44c1c48e02cffcb,0,0,0,0,0
d31c67b98f4dbf2d5a3c2c56a43aebc7,0,0,0,0,0
09fc48ec2b444ae40932929dc28c8b4d,0,0,0,0,0
9c5cf25131ee14c25b8e75134fd6c582,0,0,0,0,0
eb2a240708ec51a3bc44bfec401faccf,0,0,0,0,0
01a9a7f55076109f867bf0a922dc4233,0,0,0,0,0
a25d6d8c9f50d30e0d5b9960e2ea540e,0,0,0,0,0
12105a41687ab7329904891558e7d95e,1,0,1,0,0
9862412060ea863190547b356ec4275b,0,0,0,0,0
06bc628a7a0f129641a37430d56e9072,1,0,1,0,0
9d5f0b5a41117f02cc0df22ba32e0d48,0,0,0,0,0
86ff2bf389bc3533e959a7f5fd151f3d,0,0,0,0,0
99c015f464ce06231ba99ba394efe9a9,0,0,0,0,0
a7d5a040e41340eeda1f4f3daf37294f,1,1,1,1,1
a990d997772d5c8bfdecbe434bbf4c90,1,1,1,1,1
764abaaf0ef4a672373fb11d4eb2f83c,0,0,0,0,0
6400125b2411894dd970dedac37fb2a9,0,0,0,0,0
728e17cd137fae11bc1b1c94a36a716f,1,0,1,0,0
976f3bf8c7b4974fd380274c4c29d86c,1,0,1,0,0
6cba14609053918797a7df5a99a72e73,1,0,0,0,0
6df3b41f2d29d37728aead7b9a19f6fc,0,0,0,0,0
b75af10f81c4d9d44839fe47f793369a,0,0,0,0,0
bc09be1268a8fd666e43d9c1f083e4f8,1,0,1,0,0
55d4a5bf65971bce00bec735bb2bb567,1,0,0,0,0
112b93f6b23c17a7e3c1ffcdbfc27c8d,0,0,0,0,0
3b67bf150ad8522f38b78b0f09614a78,0,0,0,0,0
e9becc53c079acaf478570e7682b4de1,1,0,1,0,0
e070a2cd3ea96f2f94fa696ccebd6450,1,0,1,0,0
a5e517c20f0eaca8ef497e0701a38084,0,0,0,0,0
24b634b86e7e52c41c09753f1ce00fe6,1,0,1,0,0
48b859f63a88f3c9f6c3812ab7340633,0,0,0,0,0
037caff7ee74d0f0d84139dc9f1a3f73,0,0,0,0,0
b9a88ae24fee96927340d1cb16398828,1,0,1,0,0
5cb104db9aed8ca3ae18aa735cb863b5,0,0,0,0,0
0630ec9fde32213f885cab157b441404,1,0,1,0,0
227a36e550aa4210dcbfae1bf13b8283,1,0,1,0,0
245bd23de6548b3a497adf85dca4dd98,1,0,1,0,1
eb2ecd2b4c082f71e056c47b24293a55,0,0,0,0,0
94f0da46c2850d757dd66e5c93e38169,0,0,0,0,0
dd0f57596a7aff7ab8d89b8fdf81bee7,1,0,0,0,0
d9abb9ed1682d8d077a7d3b1fc5d4402,0,0,0,0,0
6864e415db2aee73348187337d43c7ef,0,0,0,0,0
784826192a1c8ed86d256b86274864d9,0,0,0,0,0
7ea63aef5d495ca5b34dbbe03fc5234a,1,0,1,0,0
41780669968d494dde5c526b0581d3f0,0,0,0,0,0
a823fcca2169002d70725da96131192e,0,0,0,0,0
68911b945fc78a5a0edfce6f6bce463b,1,0,1,0,1
58c614cc894f89734563e27a0cfb687b,1,1,1,1,1
1d33ff0d640c20e4006d48dd0397061e,0,0,0,0,0
837ac751e48bb284d0f6915231cded63,0,0,0,0,0
eea6be67d861ef31930a08e5852fb734,0,0,0,0,0
96b012fffc3edd5e11f89043efe80c1e,1,0,0,0,0
f4af53ed01529cdeb818ccba13af0593,1,0,0,0,0
91d67e2f2ed47caec6bcd303b1bf7de1,0,0,0,0,0
3ebe1d7da07713493337257f4d906281,0,0,0,0,0
bed9a6695f96bab7b352c337d12adc9d,1,0,1,0,1
3b15eba7df6c67d8c96d20942dd8ce92,1,0,1,0,0
b9b59c9b27db3bffec634610e53696e5,0,0,0,0,0
dd39f5e24f3bcac21fb9b14bb6a2beeb,1,0,0,0,0
760b31c3351470c7b33c2ca3ce004556,1,0,1,0,0
e2b13b759015290e7a5cab4a1282130c,0,0,0,0,0
5f8d764175414bfab88c7ed976469b9a,1,0,1,0,1
e7c942abc2a24405efb8f59cef779a62,0,0,0,0,0
b7bd75c2e8ebb9807772f08ba6ebf2d0,0,0,0,0,0
2e16c20ee2f33b2eba2dcde8a2a7565b,0,0,0,0,0
2d3c7ad5acf1b1f1ede74c9341c7f257,0,0,0,0,0
5682ab04243d94931ed763039a934e93,1,0,1,0,1
c7e1777d5f58f4dcbea17727d2e5113e,0,0,0,0,0
e1d5e7417d6ca3d6c389243d13805606,0,0,0,0,0
8b172a3928bfcc8319b79b3a86a26441,1,0,1,0,1
8f2d50629f4babec6178accc35296d4a,1,0,1,0,1
6998af252044482c8113382f63093a3e,0,0,0,0,0
0a1baa902084a1548381966467d45da2,1,0,0,0,0
c2317d63e6e5432aaad4811a5cbdd43b,0,0,0,0,0
165c55e89880ea8e20698f07c9df9ae1,0,0,0,0,0
3463790f62d89a5391d79baa2bb83343,0,0,0,0,0
161c9c8829d3aa1ac5cdeec89d695e36,1,0,0,0,0
44d19a3aa326d6e516c25865ecc1c12e,1,0,0,0,0
f6c893665404f60c2d31357e8c295cdc,1,0,0,0,0
70d1604f81f5a85ef2e76f891f6dbbd7,1,0,1,0,1
aa9998742f8760d74fd6e60bcbdbfa40,1,1,1,0,0
f29e96730ba73435d70967e127bac272,1,0,1,0,0
cdd53db986e3500d147d26da22001a14,1,0,1,0,0
af13b477b8c5fccad3b2d4d600e0af47,0,0,0,0,0
bdd835aa4f341734d4e089a62204f0bd,1,0,0,0,0
78830898da5aba652656fd67fcb33aa0,1,0,0,0,0
60a24d1347e1027d9aa07d6f83d72c83,1,1,1,1,1
05ca8fdfae05339ac57b1edfb17d84ad,1,0,1,0,0
e6e132618f866bfb3c0e6faa7f80c302,1,0,0,0,0
113d054ffb33b4c78f5e304bf26942b2,0,0,0,0,0
3b00ea10d5bdf366568d03e72823045f,1,0,1,0,0
6d74b42664bdfbccb5dffb7953f5a014,0,0,0,0,0
f778cb0273d5e070b28f5619e6d1dab0,0,0,0,0,0
d71b955d5ce18b950671987c723f73c3,1,0,0,0,0
e273aa27d1b16e1bec700094290d66d5,0,0,0,0,0
bde7bb16724109bfe5b54b107e411bfd,1,0,1,0,0
e7b3c0c7b8d58e2d723ae111185c2031,0,0,0,0,0
d761ecbd3252fbbafdf836506344e904,1,0,0,0,0
c21a6d7d2432ea5c90168bd1dba04be7,0,0,0,0,0
6b85c5e45a004479f0c323566f42b557,0,0,0,0,0
2dd59ff0660c0f22bae8e9134f25e160,1,0,0,0,0
c84866fec1c00d4bf4cc490da404b8f9,1,0,1,0,0
151e0a8a8e12311d868faab115056eee,1,0,0,0,0
ba3f1b28115d1b575762ecd71f885fd3,1,0,0,0,0
249f1e214f67f8120e67751ab9198c55,1,0,0,0,0
ce7bdfbbcbfb9d90101b235d954aa4a8,1,0,1,0,0
e90d3954c4b193e4be4f7671452399a1,1,0,1,0,1
ce4c04f6c96ab571159bd6a1e3ee9e80,0,0,0,0,0
06ec9aa8fc7ecb6d160eaf5ff03c554a,1,0,1,0,1
c12dfc6d89b8c4ddfd0c5a9880862976,0,0,0,0,0
a6ea4b1c8f3825ef20ac781e768538bf,0,0,0,0,0
d495483b2717b4ca57998399fc2ca66a,0,0,0,0,0
35de167924f0a653c92fc95beb09cc08,1,1,1,0,0
71f27b98eaafd05ee1ba70c925226fc1,0,0,0,0,0
b69f8d427be1f32f258c0eb87377c644,0,0,0,0,0
76d18bbb3c77c9a11a4d6caa87e38731,1,0,1,0,1
13971bb18b4808f17dd40a1ec690baad,1,0,0,0,0
911ec2a757037f8fd2623e2204e8f872,0,0,0,0,0
2e9f373c5df08152cb3a11551435ecc6,1,0,1,0,0
9330f8d355bff79b8e8573c4a5b99dca,1,0,1,0,0
564a477439a90b007aa2a0c3e2ec6013,1,0,0,0,0
eb49be672a06922ecbcd63bacd6e065b,1,1,1,1,1
6cafab53cde18e02caf4f449de1e755c,1,0,1,0,1
156549c88ed05a6456f4a72da172f74b,1,1,1,1,0
43f3e11b7caa12fd1ca0d3ab52fdb842,1,0,1,0,1
5bd2e9190718cb0964c2c481ab4e93f1,0,0,0,0,0
244188b7fabe1a507d6649b0d2f5c5f0,0,0,0,0,0
c70196177d0c0bdded8592449881dcff,0,0,0,0,0
a9169f5471289fbd97f20ed364373e25,1,0,0,0,0
b8f408131b41a7136645cc9282f73738,1,0,0,0,0
24f715937c0d91d5c6c8f0454c69aa6d,1,0,1,0,0
b1424499810f7fae0083a8d152d7cbea,0,0,0,0,0
feeab5c40a2c568dec416ea365b46f2a,0,0,0,0,0
239b1b08f9b86ece788a610f3baa65eb,0,0,0,0,0
4f5cdf0dee5d641e7cfbdae9ef10b36c,1,0,1,0,0
0f4a6ed111b9e56dc2f01f2a6ef54e20,1,0,1,0,0
470db5198ab630bf2586dec8699ae6e1,0,0,0,0,0
4c9b5666b19ded10634b446b251ead68,1,0,0,0,0
5f6c83140d8e012cd9056db45f0542d7,1,0,0,0,0
b2fd5e42b8c6972741e23372b3ae1b06,0,0,0,0,0
3b0077d0b857affa3a496b9a209967ec,0,0,0,0,0
c9e3bcc179c661996bd4c1eec51c8824,0,0,0,0,0
ef55230a9130b3b2941664ecfc22de34,1,0,1,0,0
cb10a2f6933f6887edab16445cc58985,0,0,0,0,0
8b23f649e72431d2002ab1fcf2b71373,1,0,1,0,1
4aab81df80ebe03cc45f8ee88365be07,1,0,1,0,0
3160bee987d0fcb3f5d474ba987fd8b1,0,0,0,0,0
f8a9ad32ab7a19961398f5db91f1774f,1,0,0,0,0
f1053f3728a68961c5306e60f02c0160,1,0,1,0,0
8a29a638fc34f1577c24611f7459fde3,0,0,0,0,0
b88beea4040a51807d0e7f4563aea8dd,0,0,0,0,0
1e8948b32c18c5669105afd1e6c2e93f,0,0,0,0,0
10b16e6e739eab3b4e8d592c5f0bbf55,0,0,0,0,0
c7b35a70050db54a912e04942a1a75d7,1,0,1,0,1
8156d1f28f0146cb9496f98f993f92e4,1,0,1,0,0
2140bc309f1873a2249d41fa9c532aa0,0,0,0,0,0
346d37467a0f4c82809f670da88960b8,0,0,0,0,0
52c250e1324e4ea29ea67fcd217eb14f,0,0,0,0,0
b3e2c8031902bf8a6a82ad43733c8b35,0,0,0,0,0
8aa04fc9c56a6edefa74e867a4e139e1,1,0,0,0,0
8ba5c8f88ed119d5dbb6d4415f253d26,1,0,1,0,1
930858f4a4ddf18a9fcf03ffafcb3e45,0,0,0,0,0
3c3daaec67ec00d9d3be68ec88152dcf,0,0,0,0,0
bfe3d5b2218dc48a0ed1e8e5619942f5,1,0,0,0,0
68c40bd50265d6921305c38bf298461e,1,0,1,0,0
469a277a472d763fcb32fa07d37ee233,1,0,1,0,1
70afa794cacba678dea510755ecb9d22,1,0,1,0,1
1f32d2bef03a4c1f12e48c3fab24e4d2,0,0,0,0,0
a2ffc61b027283041651d751af2cb190,0,0,0,0,0
ad5bd145f38e978d7204e980b8db74b7,1,0,0,0,0
edb3abe6763be5d6a71e7198ade28927,1,0,0,0,0
a6bb2a30da3ae522f4be754490b1caa3,1,0,1,0,1
e9d00bd8deb6cdf717bda3444e817ad7,0,0,0,0,0
a05b6923c821ad591d1a0ea46e132340,1,0,0,0,0
25c40e05e1f2938b79974ccfca558821,1,0,0,0,0
732f63f092925f947044b9720ceb6aec,1,1,1,1,1
8a6c7e89423cc8c7b81acb1457b89be1,0,0,0,0,0
165b40f61e88191032c9483e5da403ef,1,0,1,0,0
fe7ee9d0d593c6eaa51c89652c1f295e,1,0,0,0,0
d2b09c8e04cdf67cbc072ec0850de58a,0,0,0,0,0
697834c7a3ba3e3e13e6340901449f0b,0,0,0,0,0
b3e10567ebd35daedde56d8342d038d0,0,0,0,0,0
6a1301388acb52c0908caebea981db7b,0,0,0,0,0
e3839082adf2eec7c3ff6ac58391be2f,0,0,0,0,0
0b67a3dac09c9b6758c311499b5a0c07,1,0,0,0,0
cc1296a151f4c98c1144d6e2367dfdba,1,0,1,0,0
a90beeeb3647b052bb0724f818bc4ca2,1,0,1,0,1
6f58be4a57419cd6cb52db08289b908a,0,0,0,0,0
b4a0d03ba2c276f317d3a9ec471d7d03,1,0,0,0,0
17074cb24807ebce32b6b18fae1970ce,1,0,0,0,0
c9fb7b7649880abd178311f4e1567990,1,0,0,0,0
7c43aeb21f2f0321cebc1b0fa0bf753c,0,0,0,0,0
59895bd1e8f765fd27a29a232047e72e,1,0,1,0,1
eb31dbb7a3ec40f128583a5a12074b4b,1,0,1,0,0
b873bf2c6781e2660df71404d2abc0fa,0,0,0,0,0
6585838edc90363191f767838b0635b3,0,0,0,0,0
39f0bc25c4212d3226298f4bff55e0fc,1,0,1,0,0
6690839be8c9d746e1a73f000fa61e65,0,0,0,0,0
40a6e13354e6ffcfaf25ceaa74f9db6c,1,0,1,0,1
225847fe6039a0b8e0eb0dfe99fd9eac,0,0,0,0,0
ea7a464b829b93a5cd2794c4440d6243,1,0,1,0,0
78541c2f6b3f593973a95f09d9e46e53,1,1,1,1,1
0b7e084aa2a52bb53bfe7bb15d423a25,1,0,0,0,0
65c9840b1440271024beab2ddfd08ad0,1,0,0,0,0
d77982a9ee8a83aa187977efb7adf6dc,1,0,0,0,0
dd22d3fce3a6c825969052be26a64d5a,1,0,0,0,0
165748cc83342e94c41bbc1fa01560a8,0,0,0,0,0
01232f16ccda78d67cd7374380123a44,0,0,0,0,0
94b8e5b2c854a64244555258e2634e44,0,0,0,0,0
86c1f1d1db1977ef9b0a1473a2745f66,0,0,0,0,0
e431de8b782433747fcb09909aadcb1f,1,0,1,0,0
8a6cc1de34a88536e8b1e29d8ad41cb1,0,0,0,0,0
2c6b530dfaf5fd7cbb764f0f0b927438,1,0,1,0,0
3b4d2c2d82e9ee0a3a4418197646cfd7,1,0,1,0,1
404a7bc01f7358b1e3d6a3696440d528,0,0,0,0,0
d02cd9dacb0366401e3cbfc2d9a89b7b,0,0,0,0,0
27f5b4c24e0a992fe594185c06cec939,1,0,1,0,0
381921cf3b57eaca2c6127c102ead960,1,0,0,0,0
72168649a38bac6b9615fb95ad9e236b,1,0,1,0,0
4e2635badabc13f5d8ce34ea813cbe63,1,0,0,0,0
7a08a6be319eae1c8fcdc9dceff2d468,1,0,0,0,0
2422f451e56693725f53971ea8fb019c,1,0,0,0,0
d7c1204eaf4a77f05aa18886d629cb7b,1,0,1,0,0
eedaf7e45bc3967c365f37562efee9e7,1,1,1,1,1
bbd4da042236d2c6d1717511efdadaa7,1,0,0,0,0
4c18eb561d3cb565ee7baacc09d4fad8,0,0,0,0,0
a91ab87f28ad29f44281cc162db63c05,1,0,0,0,0
f315b95c7a6735c1e81d642aedb74999,1,0,1,0,0
79d25cfea13047ea98f2ed063070b38f,1,0,0,0,0
2e0fa713dc530b9c7991726959b0d5d6,0,0,0,0,0
abbdcedcc754ed505671d694023713d1,0,0,0,0,0
f5bbbaddaf43e50bf014d1d9e8dfd18a,0,0,0,0,0
9304e31eba58fdd35864913eadae8fcf,0,0,0,0,0
b2472f04705aa53cf9f116edb690dec2,0,0,0,0,0
a15babf6bd988b37d3dbe9e7b5a4e3a8,1,0,1,0,0
ad9331af594443599584ac0d16dc74c5,1,0,1,0,0
de0ad8df08f6320e502d2c96d6e66381,1,0,1,0,0
6aeba5bf47e3a69d178bfe71e3c3d43f,1,0,0,0,0
54d915e0e9fa1c0797aeb4a282819acc,1,0,0,0,0
dd539f5f84340b45a4cd03f487271cc9,1,0,1,0,0
152b7a8fe40f37bc5bae25ac7ea1803b,1,0,1,0,0
516aa25606934eefb193353e4ebc7d65,0,0,0,0,0
feaaa716ed02f1590ecfd245b5c478f7,0,0,0,0,0
b1557ef97efc7072ed15230efa00a90e,1,0,1,0,0
13f5dc750aba5e8d9dbcea004889773f,0,0,0,0,0
18f3cbe79dd85e63fa511a0c042890d1,1,0,1,0,1
c3ad256c74eb51da76291a92093f2894,0,0,0,0,0
93160911e053565e7c40678f06b5adb6,0,0,0,0,0
e1efbcd47a19ff0466bde5b777d96c64,1,1,1,1,1
f5a06f1197dc05008e613e35fe22156a,1,0,1,0,1
21baa7d118203c995c6514d88c7c7a63,1,0,1,0,0
d6fab3ea3508c04977b0aca126331ca6,0,0,0,0,0
2ab8af4b88b826e1c8e0deac48f0f050,0,0,0,0,0
52f2325ab9e0310613bea91f136e4e65,0,0,0,0,0
1fa4b7566fed93f851422d2678c8920a,1,0,0,0,0
8342b66c7dfab8089db8d0f6599420f7,0,0,0,0,0
dc79b401f12975f7facffbab2318c45f,0,0,0,0,0
b895ba2662b2a9bb3de5fcded8237807,1,0,1,0,0
9d0bb2f92f5349a154827605ee04b50d,1,0,1,0,0
17555bf78a224c59b40977ef0b5cad29,1,0,0,0,0
661cab7d355b4a0b9dbd1638cc55e3c9,0,0,0,0,0
2900035c714c50326a4ccdec7a5b9ad9,0,0,0,0,0
d7023da200c16d6d6d1c1b8126dd4a5c,1,0,1,0,0
d1fb00125a8f88ab518d0498a12215ff,0,0,0,0,0
893a41b3d66bade110ee8e5a168df9f8,0,0,0,0,0
75aa46a67950a5a923415296a7fa9d5b,1,0,1,0,0
fd46e074da6fac0b4948238cc2a97505,0,0,0,0,0
e30d96cc72f19d914ec0cd9a49233110,1,0,1,0,0
175f5c8754ea27a274482c633502e12e,1,0,0,0,0
c2d8433397f19a71fb8478619abb323a,1,0,0,0,0
2e9209c5674ab643af55f44213c17f05,1,0,0,0,0
50c307ef06114f723641f4206153dd0e,1,0,1,0,0
b3d56a3e14a2ca812e75c87d912ed621,0,0,0,0,0
d58eea55d4ae2c6c98e4bc1485c9575d,0,0,0,0,0
926d7043376baa09d13d885281225a1b,1,0,1,0,1
a076c02d8bb921f9445f7935be589c3e,1,0,1,0,0
ce7753cb1ef7fdc76401272640e839af,1,0,1,0,1
9434b2cd3878c47294ad1819cd6c3371,1,0,1,0,0
a13658e6c50acba75d4455edb89a66a7,1,0,1,0,1
cdc17e8c23bae3e1f86881fa18c44151,1,0,1,0,0
040f5c4edf980744d4506f7178c30f13,1,0,0,0,0
5f26af34092942c9e5884b8f44cf3e97,1,0,1,0,0
aff82ba2cd5a62ddfb6c495c90fb23e0,1,0,1,0,0
19033f0ce0ead82b71e850746be53cb5,1,0,0,0,0
db0c1b01e5577a0b2da837de8d274a69,1,0,1,0,0
8e5caf9c4fe7c69899e41f958c44a8eb,1,0,0,0,0
4d7d024aca4ee0c665ce5bb4c52f1cc4,0,0,0,0,0
3530610fd5efaea533e109c6fbc083ca,1,0,0,0,0
1914db499b3779484b24d359eec32846,1,0,1,0,1
7bdc7994e121804aaf6915c82199619d,1,0,1,0,1
a2c293ef0c50d3729c896a2bcb9877f7,0,0,0,0,0
3ba49fc89ce86777b0c355efda4bc146,1,0,1,0,0
239c564365ae387d8c3e6dda6dca3420,0,0,0,0,0
62792c003398565727f147307c111453,1,0,1,0,1
66bbd94b9b54cd19082837b60774980f,1,0,1,0,0
bfc13b0b6aba77144c375f056fd5f223,1,0,1,0,0
4c55490e510804925796419232ca13bf,0,0,0,0,0
f8d0bd21bc1c077d11cf56be0bb0bc11,1,0,0,0,0
ef3abd290fc78f2023596db8fc85a0a3,0,0,0,0,0
93763d9825924509ecf265d0d3bc68b1,1,0,1,0,0
87c094cc4f6c30c08fcac5e4e9373aec,1,0,0,0,0
afe0cc5e3e866b21f317eb79637b935b,0,0,0,0,0
fdc1f86be5f67ac9bb14bdc749090365,0,0,0,0,0
20b0f2a000cac5312612d036ea28728a,0,0,0,0,0
db8c25157f82a1f22a079d2e61c68bd3,0,0,0,0,0
7b76f62d4a988cda41e2e81eb97a819d,1,0,0,0,0
7fb19e8619e7ce7079aaf5c06d6cd8dc,1,0,0,0,0
59a908808f472ee6a014f8095562f64a,1,0,0,0,0
988b2e1690e7a9353c750f4f1f31829a,0,0,0,0,0
6580c931bc1f9bf9d2523575fc40df36,0,0,0,0,0
82b5c9401e9950e765b5b64a13b968d5,1,0,0,0,0
e2fff9e707cc5385d5be29edfb809bea,1,0,1,0,1
0f42ee7a78f17febf203cae9a7f57947,1,0,0,0,0
f8ee881d098b0d03ad9062617a287041,0,0,0,0,0
1841b3ec141bb01694615544b62b5024,0,0,0,0,0
643f54dda0d1260e31975bbc50a966ce,0,0,0,0,0
3da75ec2167e018f12b087615b4c14d9,0,0,0,0,0
74b39b1b112348c11b5ca9f4c662afe2,1,0,0,0,0
1bb090b3d5fb614e50c0fb222536459d,1,0,0,0,0
93c08d90af67f152209d1164949a1241,1,0,1,0,0
c5806d74f68f2902462b22a35c6619df,0,0,0,0,0
93e63709f5331d21a075cdfad630ada1,1,0,1,0,0
df589c2b0171c707476027a014fb84a1,0,0,0,0,0
19d5a1c9901e0f3318a1d6168536549c,0,0,0,0,0
db0f8a9ce5a7ec52b3cbbb6836dfe111,1,0,0,0,0
a83d220c12857f00c292dd7efb9a74e9,1,0,1,0,0
350fa7723283a4cbca23c12c4b92dc91,1,0,1,0,0
94810b0b5d798dbb2cbc5bc69e863a8f,0,0,0,0,0
b6521b5cdd9366132e463fab39127e70,0,0,0,0,0
47a1fe90c3058cea81ea7da03afeca31,1,0,1,0,0
21f8c5fbf5902111a1532d54aa24ff84,0,0,0,0,0
5deda9fa37df548ffc620b98bc60b7e7,1,0,0,0,0
0c852b1f355d6502c644b32b7c410028,1,0,0,0,0
58f5828e0f77d5434b9f57b063b2a834,1,0,0,0,0
c53bef97381dc5638df53cd42a95246e,1,0,1,0,1
ab0210de9872fbe936699d97afa51d21,1,0,1,0,0
1cbe7d6170cc9caa6776ed6c21e52eba,0,0,0,0,0
c7060875d256f75cafd7ccb935e19643,1,0,1,0,1
88026bc36b6ebf77c12a31e92182d59e,0,0,0,0,0
933369afe1177da0869c10810a0fbdc3,0,0,0,0,0
ace3d10a5a196fb49579a71d52123074,0,0,0,0,0
83d806294e5b6ad16d62016ec42adc7a,0,0,0,0,0
3bb8bb9db98f8575ff2f24380713e076,1,0,1,0,1
5784c196e5991f3b54222bf83e0db5fb,1,0,0,0,0
dc443ad318c992d7d9a50c6b4d3a770c,1,0,1,0,0
c59cde261dfb38f54cd9a96c5d1f2d5a,0,0,0,0,0
94b79b78e85ef889af89a26fd0b75d59,0,0,0,0,0
2267af50f5648c1dab2575e1b548f66d,1,0,1,0,0
e4d550fc6c8b9fc4f3c5c18a6cce6506,1,0,1,0,0
f06c5f6990577e241bf7886d4f75c056,0,0,0,0,0
9157451013ddac483320faf0789f87a0,1,0,1,0,0
7089b929c269688fc6aef96e8376c205,1,0,1,0,0
d2d0131dd1ca001c00d9131001c74690,0,0,0,0,0
c4305143ab7a351e1aada30349a91629,1,0,1,0,0
586692be5d32ead2e06d13272d337b06,0,0,1,0,0
f3f4a8143b89d56e55b2aacf27ce6e99,1,0,1,0,0
b498bbb24e4a6d634157284bbb52c257,0,0,0,0,0
518862f1e513f04e00be1851d0b9559b,1,0,1,0,0
a1a7e7b79c584524ef269291f44eaddb,1,0,0,0,0
de01aecbdb2e8f89a24be958dfdbc831,1,0,1,0,0
6867deb1ef16a05bbe9a9b3b9ba1f55a,1,0,0,0,0
7192cec37727ec973ab8ed5d15f5f0dc,0,0,0,0,0
892313e135015be0e255c961b3d8a815,1,0,1,0,1
d84e4e7dd7fabe9bfa5aff07c173b5ba,1,0,0,0,0
c714b7d620393eb0d3b30c4d70274a73,0,0,0,0,0
eb6fc3f318a1bf922bb20c13cc0ebd7e,0,0,0,0,0
f8a2732c08f3e602c30ebf63502ebbf8,1,0,1,0,1
274462ff0493dde8015adf801277d2a6,0,0,0,0,0
be2978e9b32c124cb5288410064c23cf,1,0,0,0,0
da46f9eea62896e7642cd2fa7558aaea,1,0,1,0,0
190033e62bf5146e694fb1d2e0239a4a,0,0,0,0,0
fc3408cff008d47d01a0e71bc401cfd3,1,0,0,0,0
e5cdbb273e8302fc76c7b6f5ababb252,1,0,1,0,1
413bc1ad9dfdfc2bc35181cb9d2078b3,1,0,0,0,0
c7f0e76e49dba6d64acf52983a47fd17,0,0,0,0,0
c7d84a0846b91e03f48e7bc5ff968e02,1,0,1,0,0
13fc0c3e30a40d26b2b894b596d18f87,0,0,0,0,0
cb622dc7336d9928f9a6ead2bf2d56c8,1,0,1,0,1
d3ef014cc804087e6ddb1bfffc9a1ac6,0,0,0,0,0
334319b1eee153d2c2e9df48b75e2a90,1,0,1,0,1
51f348bc098fa056a060e381d9ee67e5,0,0,0,0,0
a99138b52cea115970ea9ce6b684c886,0,0,0,0,0
a2e30d74326b55aafab0548eb4aca532,1,0,0,0,0
105ba0e4f67804d0a6820fc89bc725c3,1,0,1,0,0
36cb0f6fbd7b320abb5fe4ed3f886bbb,1,0,1,0,0
549c8bf60cd2b2d811723b2cad7f3417,1,0,1,0,0
c803d9511643a5bbe0021fcd5e585710,0,0,0,0,0
fda6f2f2e6f8a207fb9797dc05593f64,0,0,0,0,0
7b288a897d1a9890deee5566b5a76b42,1,0,0,0,0
18c0b5cfed985fde71cc19cc97146ae1,1,1,1,1,1
71b2fb0b999878d916bfc0e3e17d1ef0,1,0,1,0,1
ed8c51ba0322607f8e87a5c540213227,0,0,0,0,0
036e1d34ab8160f6f00334ecb5a01a62,1,0,1,0,0
7c1344bc7b5cbdcab3ed9a58f78732d6,0,0,0,0,0
f10fa90e4edf952b5a6644aeab8ad0f6,0,0,0,0,0
04891a302e1c7b4361da0d89376ca3b7,1,0,1,0,1
a626e69e2aed1fd661332f2474f5c5ee,0,0,0,0,0
534c4e20c0ff10d0ab49571321f39c4f,1,0,1,0,1
eee908f033cc252ad75df27b59db6245,1,0,1,0,0
8d1aa3594e7fd4cd1f28b96895c10557,0,0,0,0,0
05db13c922016e00b91f73f2c9ca707f,1,0,1,0,1
c1def413d0932b95a404374b12fdec62,1,0,0,0,0
4a1d9344231036e69cc6503a4b663633,1,0,1,0,1
45f3acc9c0a9e9c5e7015b99c585be41,1,0,1,0,1
7c4137793119b676a4fc9dbe22c9bd3e,1,0,1,0,1
c57bed71959bf93f02443d9fc1043ebb,1,1,1,0,1
d1cd009c94cf416a780d4788c9dd9660,0,0,0,0,0
c4ae0bce59df1a8f1d17c4343e8b54f3,0,0,0,0,0
a1e0df3216839653c0c070444afebefc,0,0,0,0,0
109933a24cde99b200780074e8b42a57,1,0,1,0,0
0ae392de06e03e4d9fdde71f599c217c,1,1,1,1,1
a609d5c3d51a034474cccc83baea0540,1,0,1,0,1
67b85f49fde8a35e094c64bca01a871f,0,0,0,0,0
74178257d6f4d044889f27c3d517fc19,1,0,1,0,1
058f615ee727004289519658e7fa6dd5,1,0,1,0,0
c2bb6948bf2ef7ecb28accbe0374a93d,0,0,0,0,0
6f93ed56be87dfad86f33f932259369d,1,0,0,0,0
2fb5a718432e9711a1132fbe1eb12fd4,1,0,1,0,0
146cdece611eadd06a1399d19ac498c8,0,0,0,0,0
336927463897baa029fcd205bf8456eb,0,0,0,0,0
633ea2affb5ba037eaec45d19b1b3fcb,1,0,0,0,0
976354056e08b1284706ed9ab1800752,1,0,1,0,1
b9d791ac803989231e53ffa82896222e,1,0,1,0,0
39a8df4d1d6544b936768379e6029186,0,0,0,0,0
d393ce3d8c13c8bf6f8012b009677f65,0,0,0,0,0
c07b3ba0a1b0be2bc38472f7015a3e13,1,0,1,0,0
d258cb26d2c6d429e36178bbac2564c6,1,1,1,0,0
7b8e41d37fe269d8fdd3f44af78804a6,0,0,0,0,0
9e5fc0e0d91a82b7de2b5d682c714b38,0,0,0,0,0
de93c73f86743b646611f0c5015a69e6,1,1,1,1,1
4d4282f45f9602ef76fe059e7f514b79,1,0,1,0,0
3de22449911e5eaf1b334f704796afaf,0,0,0,0,0
6d6eca66f0e161b81e764d8688af94e8,0,0,0,0,0
e1d69ca08fa74f689d46da2e25348e0e,0,0,0,0,0
769c580461c27ef61d52b8c6727aa34c,0,0,0,0,0
c056705147f57951839a460dacb5dbdb,1,0,1,0,0
1df5efc7b05208da5feaf514d9ade32f,0,0,0,0,0
6b61c6a08c2ec3d36c3f6b1d08679365,1,0,0,0,0
a5af77a7bd03d1711a0d913faf6b3aa7,1,1,1,0,1
027df260aaf2e318882e0f55abf80313,1,0,0,0,0
fb4c89113e48332f29ee687262c3dda3,1,0,0,0,0
48f5d518a9f3299a385e1ee146bfda79,1,0,1,0,0
06d05330a368ba294e83d8471dc4f742,1,0,0,0,0
ab38194302efe51457c278b182209078,0,0,0,0,0
1af6b404f8fbbf6dda9423b0c711232f,0,0,0,0,0
a2f99d14d11778766a0b22020d8fd568,0,0,0,0,0
3ad8abdd20e7a53d258f46f319665a8b,0,0,0,0,0
99eae6cd805af97220b29e07dcc7e26b,0,0,0,0,0
30d9400fe50fbedee306eedd4e829aba,0,0,0,0,0
d194a685fa4bb2e190053d1a10ee2648,1,0,1,0,0
6d02cf251247e6e132ae3b90ecb13a4e,0,0,0,0,0
e216b65d2543356bdc943b816519d8c8,0,0,0,0,0
77a83fc0e7416f33d89dc261831a5cc2,1,0,1,0,0
ec72fe31285ae339b453b1f349330051,1,0,1,0,0
9ab56ef8a2793d2a32f0a22667905c4c,1,0,1,0,0
460862328690e919cead523a955375a4,0,0,0,0,0
c0c9df214d0b997553b4a483df992888,1,0,1,0,0
79e336f527ddd3d66f30dfbb2d51ace7,0,0,0,0,0
713589d209ba5649a481e8bdf92695f0,1,0,1,0,1
b2ab0ba4dfb446dbd82a4e8822963c48,0,0,0,0,0
f4992ea5942222f925059f6a417512d7,0,0,0,0,0
07f4a59de0fe3967161e89a79a980841,1,0,1,0,0
99b21c2edde89ebfb53fa02d3402bfde,0,0,0,0,0
9639bad77f66802a09763cd6cabbc0f7,1,0,0,0,0
1b259a101e57cfea04d5d88fcdd40517,0,0,0,0,0
dbbddfa89a79571591cde5fc04d32b0f,1,0,1,0,0
5357d06d25d80f182c8c0a46dc4c65ec,0,0,0,0,0
10c75cec566db57c631b8515f17bb029,1,0,0,0,0
0e8e4e881cd58565194f8afe5e1d7003,1,0,0,0,0
3d0c6df0c5ec13badb14abe7da892326,0,0,0,0,0
e326a86a6e7671335c66d00f29b852b9,1,0,1,0,0
dcfce7e8d092d9d07f06dc0d06bd6ed4,1,0,1,0,0
69495ef778a31ca8d0c89019687ce1c9,1,1,1,0,1
0dd57124467fa9e464bdcb21e10289a6,0,0,0,0,0
1fbd27ed8293bd343ab5b2d8f2b40cf1,0,0,0,0,0
c800387ab6e07249e22b65bac4268951,1,0,0,0,0
8d8db39d211458f9c1f89f0829431152,0,0,0,0,0
9444c5818202a7a77456589da5f8c18d,0,0,0,0,0
1bd8c9a39ab7b5b31698185b16442d61,1,0,1,0,0
a5a8994219720e8ab64ddd70cc77f0a3,1,0,1,0,0
389a45b3d38a7e4575341fde44060bfa,0,0,0,0,0
f49cf6f9b8f2c1a4fa2a4151a377fc1c,0,0,0,0,0
08dcb17310f2fa80b3a8851487e40eb4,0,0,0,0,0
8a1263bf85be8b689ed3b355be183372,0,0,0,0,0
2f92f4e334cfa7ea4c554a009a6a0aee,0,0,0,0,0
3ac5727102595df3b40e1bc76ac10846,1,0,1,0,0
98755b4b13c8130035a45e2c788e355c,1,0,0,0,0
8fb21651215ba9a7d19e5174a6dae9c2,0,0,0,0,0
5ffb1d92f463ca2a4f37adddc3952c1c,0,0,0,0,0
5a5b53ed95c2cbbea65614790eebe609,0,0,0,0,0
27d3ea4a88bffb60c10e4e13fc8984ee,1,0,0,0,0
6dbc2c36e419e90b109ee972dd81d56c,0,0,0,0,0
3f4645e18acbec017f9bbe6243cada69,0,0,0,0,0
bc89580fc2c0df2082476d8590f0d0c4,1,0,1,0,1
650309b86cc5ab45f26edd92ab954dbf,0,0,0,0,0
31fbbec77bca9eccb360d0cc2c4ac8fd,1,0,1,0,0
bdb9875d862f09d6aab17f49876efece,0,0,0,0,0
dff080f91e0915a091c4760943ad5099,1,0,0,0,0
0f6409455ccc60990d2a378c203fed30,1,0,1,0,0
155878c6b73662d92a441cbcbbd7d2ea,1,0,0,0,0
3b6521f8e8346f4627c27f5b9a0d67a3,0,0,0,0,0
9cb2026595026ee61f99433df7509aa3,1,0,1,0,1
a1216b28f2a07f495ee247f31a287802,1,0,1,0,0
fe5414cac6845b2506ddcdd63d6cdddf,1,0,1,0,1
546faa21405fd3975a722c25455851f6,0,0,0,0,0
186e8556e458969f9e7b6f093fd26dd1,1,0,1,0,0
ebeb9a00b560783bb3fce84dfe28db29,1,0,0,0,0
f07629d54aa7e880c5fce4ff768323be,0,0,1,0,0
5cca0967ce46b3957508399da4555a15,1,0,0,0,0
64b76e12c393d2803e930d869453faa1,1,1,1,1,1
645bffd6cec6b01e02f31e2acbe73395,1,1,1,0,1
cb18796cc348d8f746e00ccc6feda6ab,0,0,0,0,0
6d8b82360bcaa5d2a5906eea690ea305,1,0,0,0,0
084f99e5a0c0721df5f9341f238396f1,0,0,0,0,0
cb466ce4313419c4149ccc41659a7ddc,0,0,0,0,0
98f238d03e954ac2ca50812fc302b7e7,1,0,1,0,1
293364752bc56915c5329502f908c74a,1,0,1,0,1
cbd622acfca96ad0cbb9fd41cf0ea9a8,0,0,0,0,0
59a7553137db920a7a658da0507fcdbf,0,0,0,0,0
82c593cce229b6e48aac6129a3701dfc,0,0,0,0,0
960e4f6ac394d7a937da65df2c5aeabc,1,0,1,0,1
c6001d4e2030bf60f5cc9a287eaf2d8c,1,0,0,0,0
797b50d83af79e19ff17b138f540f7a5,1,0,0,0,0
70046751053704dc73a882179d882d07,0,0,0,0,0
39628c7e5729ae6f8bf8ef1bfa8bf830,1,0,1,0,0
0bc9685417e9708300e2e56a7fe62dbd,0,0,0,0,0
1d278e60403832bace33701a4e3f71e4,1,0,1,0,1
69033024df2882ecfc60ede340cbbe88,1,0,1,0,1
dcc7760b69c1c36c53eb1d17d8820a56,1,0,1,0,1
48f2bf6375ccdbe0b41a3f589a06dd80,1,0,1,0,0
71b9a6c18bfeb361dbef6afb588b5558,0,0,1,0,0
33e5308b5cb6e611703df84f70e89653,1,0,0,0,0
4d736ad7563b0ac0b0813ed69c0f011e,1,0,1,0,0
6583cb2993b862d066eab761660db741,1,0,1,0,0
2dbab13928c8cf006fbfe9dca4cc6151,1,0,1,0,0
0f8d59b07f10c77a53ae508d7b0b8c6e,0,0,0,0,0
4969a27940b6a66e967fe4112f9e521c,0,0,0,0,0
9d740801b9ad99ba6223fb4b2ec79c39,0,0,0,0,0
cd97ed8c7eda3b42d7b00df320d07764,0,0,0,0,0
8593e48f4c3d8f5f7ff9e801ed075bbf,1,0,0,0,0
63633f601d2dbcb672a8b5502549244f,1,0,1,0,0
bd39544ca41fff884e2becb6a87e5949,1,0,0,0,0
a9f285ba30bd239998378b0837ea19b2,0,0,0,0,0
f1f46671a8b12037e38f00c1f1abd96c,0,0,0,0,0
a9afa5973ae4ee396cb786f707217bb3,0,0,0,0,0
fd159df34b061b5388b4f189fd8175e6,1,1,1,1,1
b91e337d1396078fe08a7b2ecf1dbc7c,1,0,0,0,0
87029c304e2719f9c3dcc78306e276fe,1,0,1,0,0
fd1e79c2565a480500647ab23f0a8019,1,1,1,1,1
70b4fc014acdbd0264538ffebd5ac747,0,0,0,0,0
52f81ea0cbc4478ce2cf1f488efde353,1,0,1,0,0
d1aab73aa78fa00d16c958b9e63db72f,0,0,0,0,0
a8b179f8bcfc80334403f847d591f3d2,0,0,0,0,0
d757400a3e59bbb83c2e9d3861239a79,0,0,0,0,0
3120625dc4e4e04984fd4ef843f65b2d,0,0,0,0,0
edde7abdfc824cb159ff3d448975fd7b,1,0,0,0,0
df9e6cedad0e8ff21563dd460f5154fb,0,0,0,0,0
c1b66fb9dbf82ad2bee5cc92e2afa147,1,0,1,0,0
d8a072bb803dde90ebf1fefbd3e2443c,1,0,0,0,0
ae8a2aefc342194db23e02aa964200dd,1,0,1,0,1
723c74a0bae70d8d4bd7b13559d619a6,0,0,0,0,0
e03f3b3fe86f08bbca2da8f55e4454c7,0,0,0,0,0
aa1504137d8a46c5b46236ed6a0212f0,1,1,1,0,0
6c03e0b2bd8c62b19bda98a1aa8185a3,0,0,0,0,0
939fc441abe3edb4edfde5931991b444,0,0,0,0,0
c6cd1605d074d446842aa7a27ec376ac,0,0,0,0,0
ac5ed27b9332437ba4f3285398f17e6e,1,1,1,1,1
2603ca08f7a6cc75cb7c0dd1be8c69fc,1,0,1,0,1
10c2afaaa0106130e082d902a52605fd,1,0,0,0,0
fa938d156575a1e7dd8cd8b1a13f992c,1,0,0,0,0
6a2634137f849b55262ddbaa6f65a54a,0,0,0,0,0
83645aa8250fc69f19f624f86b47865b,0,0,0,0,0
60c03fd9d38cc5104a10bc13cf793efc,0,0,0,0,0
c7eab2b7ef9a2050852446e4621c8842,0,0,0,0,0
8276d71fd2e9871ea5113e6cb91af0a6,1,0,0,0,0
1c85e97961e3cae65e7155823fcca5be,1,0,0,0,0
8b4170d39a3b1e20bf5565e6daa2123e,0,0,0,0,0
7b72ba77e6dadd68c4cd441f09b85acf,1,0,1,0,0
95d3323659c4045a8d54a1df13fd1492,0,0,0,0,0
353137a1f479bf562f2a960b86ecd4d3,0,0,0,0,0
7fb0ce3fbd0ffed2cb6049e86222e5d2,1,0,1,0,0
dd1a7b442c80531c786b387b73b24278,0,0,0,0,0
7f2f6144b1296224dfc50f9a7f3efabb,1,0,0,0,0
48ddf3a04b5bb31db24a1a89b42e8933,1,0,1,0,0
26668e552c96ebfaef84e75ccc64fcf8,0,0,0,0,0
e792bc51ca336b1675cff0f73593ef74,0,0,0,0,0
8331b03c59b42639eaa47d8b2b894cfc,0,0,0,0,0
5b837e813cc92d44751a2f581ec7c8fb,0,0,0,0,0
415959fe6e0135f4d80bf5b505809983,0,0,0,0,0
3d5190f1a73ac3ff7cf5d7a30ddd8a28,0,0,0,0,0
dc54f0d5f3e3deba81dab30d9f94460d,0,0,0,0,0
016949384bbfb490f5382091614bc149,1,0,1,0,0
42dd1ee05fbd1b6b0df91263a61e9328,0,0,0,0,0
1161e82340904c5140d338faf18a410e,1,0,0,0,0
3f97966526afd1eee7c93b7e9046cd37,1,0,1,0,0
8f08220fa22a19bf168b9cdc307f3eaa,0,0,0,0,0
4ee8da6ecdbca343e2880fddff05d441,1,0,1,0,0
04e6d0a50aee329eff96ccf08a2e0afd,0,0,0,0,0
106a2f77427f3d25a6ab53161983a930,0,0,0,0,0
06750a4b6b7b53b7da69dc92352914f4,1,0,1,0,1
21fbf6a69034e562e20ddf31527f5925,0,0,0,0,0
b58e699028d915dfeb2d25209127a7a0,0,0,0,0,0
91ce09d69a66735e8a989c8b4390713e,1,0,1,0,0
2f751ba04c90a5a2cfa2b346a8ea9e1d,1,0,1,0,0
285af8e196bec0c697a39a2226dc43f7,0,0,0,0,0
e71b6246547511904d73384ba852cc6e,1,0,0,0,0
7a82ee8ca9a666caffeeddcbd460aa40,0,0,0,0,0
dea1d53c7e5ffaaa05a368f6ee7099e9,0,0,0,0,0
69b4563ac6b285c2a031361c60f81a27,0,0,0,0,0
79943e63f4995bcb5e664f45996aa32c,1,0,1,0,0
c433207cefa1ec2dae37a061f8c5d9a0,0,0,0,0,0
cee1c1268077dfccc60672754e80332f,1,0,1,0,1
c16c35d1a84054f91397faf2115fc1c7,1,0,1,0,0
5ab9fcd54df973da1acb7f2ea487857b,1,0,0,0,0
8d6a75ca64cb890895bb220cb67be4b4,0,0,0,0,0
3de405ece461eaf3fbc4cb8838133f08,0,0,0,0,0
7de7bb7be61d08dd9285d1f4ddd7bf6a,1,1,1,0,0
b189f81e9e25d1b59797e2bffe92339c,1,0,1,0,0
185b96aa30b5945793a4060b92d1fa27,0,0,0,0,0
ed6a8d3b559028d0ed50973d1d715258,1,0,1,0,0
4fbcb40001052a907337d3333f8afabd,0,0,0,0,0
e8fd469f0eece9c390890025ad2991e6,1,0,1,0,0
347f1833798806cc2a8c7b7e7a729b73,1,1,1,1,1
f4edce88a1dd209f7648d925d4f4dd5b,1,0,1,0,0
0abf94d317e0e1911a6a9007da8a648d,0,0,0,0,0
0bdd7d43a4616e51dd07c0d52065636d,1,0,1,0,0
43eddd338f382dac84af09e4089dd26b,0,0,0,0,0
dbab6a1b70a4b7b0ae5bb47175f3736e,0,0,0,0,0
5d7d91725010af13de16decf114f7519,0,0,0,0,0
2c583dc7484291b1819da5c791319f97,1,0,1,0,0
ec8411448032211fb3b72279c8e4ffd9,0,0,0,0,0
4f61e31c76d1bed01fbeeb3a13826cb0,0,0,0,0,0
a5908a0e90db450acd0b58a6af73f521,0,0,0,0,0
2886139071790df8987a4c081a060e28,0,0,0,0,0
4d7e36acd008ae647a3505f8e88fcddc,1,0,1,0,1
abac15762c3075aab70bc1f23f5c7cf8,0,0,0,0,0
623c7e501e2bee87c899e340d9ad9e3d,0,0,0,0,0
fb84669c334fdfecab6cfcaa93ad5844,1,0,1,0,1
7af576f5c4544050f88a89a4bf5ee3cc,0,0,0,0,0
f5b03b446778ac7e05ece60bbc69586c,1,0,1,0,0
d86ab2b18adcd65a7b707711ba06e830,0,0,0,0,0
3710d87ac8f70960ed84a79691f1a7be,0,0,0,0,0
75837061736029959d2f7c521c7479a6,0,0,0,0,0
c17c3e0eef59f1681cf109e5dbb98b69,1,0,1,0,1
af79eee4fba8506b753a6771c9ac8ed9,0,0,0,0,0
6764b4420b8cf5cbacc24b68691aa1dc,1,0,1,0,0
79b620e4fa18cd4545b7b375b445e987,1,0,1,0,0
ff723f002baa341e5f43f18a1142035f,0,0,0,0,0
c426f2c4a441d805edcda6127b35ed37,0,0,0,0,0
38c3f5bdfe1cb8a29af6503a8e541e40,1,0,0,0,0
5c85c88de49496854124d2afcfab2354,1,0,1,0,0
e3b7a0f2b844ed77d546650130bfd395,0,0,0,0,0
6142d434a5e9f9d8eeb0dbcbdadc05a9,0,0,0,0,0
2c9df536feff189bc1c4c675f27f0ead,1,0,0,0,0
4c134d8be779b53d8821417b506a1ee4,0,0,0,0,0
641de1790045f7b027428443ea9401ab,1,1,1,1,1
35249bbb275f10465863d79e3c5db64f,1,0,1,0,1
a30154d1d4bc124ee1eadb9c59014b59,1,0,1,0,1
1c7a973cdddab631216957a16e11f096,1,0,0,0,0
e38e5dd4d6e10cfd16b19ae857adf632,1,0,1,0,1
4a07c95ad0878f454ed584a389f14f0e,1,0,1,0,0
6a847b1a998785f18e30ddfe7f91d490,1,0,1,0,0
df755860b9db6f4c2885ce4498542ad7,1,0,0,0,0
b5e4b8cbaa468947410693897d6a4d6e,1,0,1,0,1
128d8eeb9c10fdbd642caa8ff844413c,1,0,1,0,0
40a654caf654e6201eecc6a383ddae84,1,0,1,0,0
3d9269a163dc24dc26aa627fb36460b0,0,0,0,0,0
7a1234a2679c966f38dcb91a3116db12,1,0,0,0,0
ff4c5f4b987fd9f7a5c8788fce1b77a8,0,0,0,0,0
19106048d2aa9e702548d676ef049715,0,0,0,0,0
518724b3cc7bda068bf08bdf6d64f946,0,0,0,0,0
37c589df30d887f16e9e27998f869b76,1,0,1,0,0
a7add1b4b4dd5f8f4efb91b274eac25c,1,0,1,0,0
e4090926b57ceed5bcda4b69b8ec0d2c,1,0,1,0,0
9eba084c913efcd74c3951c93f3d0b60,1,1,1,0,1
d2935b30c53f1f0b2c3a070443879414,0,0,0,0,0
e18896000e31fcac1f47d24e1b41c633,0,0,0,0,0
cb75a720ba1fd3ee90043ce210f16507,1,0,0,0,0
7a72c911ed2621dabd9004ffbb6f0740,1,0,1,0,1
46aa41e3ad75e84f0b82d125fce67dfd,1,0,1,0,0
5706b1f1ec6d67b69070117365528824,1,0,1,0,0
e476def00e0a0888d64bc111cc08aa1c,0,0,0,0,0
83bebbfa18d5277c376bd3488836e9f5,1,0,1,0,0
c445c7c34de137ee6830f3fbb24b1bf7,1,0,0,0,0
bac0577726575ff201075b09feddcb45,0,0,0,0,0
3e135426fc533e724589b16245e39ae9,0,0,0,0,0
c963fcf17d2505c0381d9db5e914ba6b,1,0,1,0,0
928349668af9aee093e93e057bc6ed8d,0,0,0,0,0
07908300f8bcb44000169139de5eed05,0,0,0,0,0
b135bdae13e9c5fe345ef30c8acf9094,0,0,0,0,0
23e9d7c6d30d651dba976c10d38859ea,1,0,1,0,0
4eec06a95a7223aa8ffdaa834914703f,0,0,0,0,0
dc63b44c75b84596db8eb525fd9d5e99,1,0,1,0,0
e6eb5af5eaec53bf45516908a0ed5d95,1,0,1,0,0
21484148d68b329e70e315283ae91840,1,0,1,0,0
0859f01dd175af4e27f10cf904fc1356,1,0,1,0,0
5054d3e9a9c89f4a62a608bca15c9eb7,0,0,0,0,0
0279f0a6d73efdd99160aa90c180eec8,1,0,0,0,0
45d20d305a396ca517e16164d9b66ab2,1,0,1,0,1
ecb6a3715bf0d52374b86fc2f35f77c1,0,0,0,0,0
b1d9377d25ee22aa268a76f50383f3f6,0,0,0,0,0
24830aec6356db318a239811258e0bf6,1,0,1,0,0
60ea98a2502978be79fd365fa0135379,1,0,0,0,0
6b9dda49103ebb818a082e56ffdbcab8,0,0,0,0,0
bbb8f7ee97fb1df3609c31466c8f6eec,0,0,0,0,0
b1c3db0c3503b926cc848472ebef24a2,1,0,1,0,0
32ea4c736387fd634783917e8d18fa46,1,0,0,0,0
525ea0e8a9f238d04e2c6d7af233f094,1,0,1,0,0
92f1e47f000a71a2c2d0135f8ecf05c5,1,0,1,0,0
0d99241c431e65975c7452c898fc2711,1,0,1,0,0
084b24e4ebdb348b232e2fe9fe0e2e0a,1,0,0,0,0
d8903980ca8085841ca37f1cd8dcdba8,0,0,0,0,0
0429324219b4bd0b0fa049764ebefc9d,0,0,0,0,0
bb3ed306aad162c1f9e5c1ebcf94e537,0,0,0,0,0
83287634e64c2774a2427b1aa3a679cd,1,0,0,0,0
0d227af0371d4ad51a7a1ef64a1e6365,1,0,1,0,0
e806a28814f6f80d91fa8edd84814073,1,0,0,0,0
d767312d3ff42ca7b994b078b06e5372,1,0,0,0,0
9e3fac315954faa6db1f89b892d49636,0,0,0,0,0
2b26e4e750e556c436d39fd75bb3f861,0,0,0,0,0
351a6a602c7b39cda89f37bafc846e35,1,0,1,0,1
faf9d9c294e3a8ae9098622ab35eb5f2,1,0,1,0,0
9e9bad3f245e509d5d607c7049b02ac7,0,0,0,0,0
f1377a197c1c672c79ef8dd9721481ab,1,0,1,0,1
87596900e436279a592cc9995b69b631,1,0,0,0,0
efd161b268d43801cf8baa30f1216cee,0,0,0,0,0
c51a59c76fa141dd2fdff5a26ebbae65,1,0,0,0,0
ce2d1bffd61c672f5cc64e8fe29833e9,0,0,0,0,0
d0dc38f730c7f20a478a80ec42531bbe,1,0,1,0,1
59afabdd8bef5a2cd63484aebffcd28c,1,0,1,0,1
b618b8ed6ad1b146b5ca031521772dcd,1,0,0,0,0
8f6996f79ba03cf0fbfb71db18d95571,1,0,1,0,0
6fa04810232eaa64ada7bd6517d828c9,1,0,0,0,0
7b66bb63baf42bbd5c5f15d8aca04452,1,0,1,0,0
04c32e3133953c93a35f64bbb9128351,1,0,1,0,0
d44b3198fc3e9f847d6a6ac59660ac58,1,0,1,0,0
c7e3a627d9ea103157b86253d8ec4109,0,0,0,0,0
e971c8e4927fe958fec6f50cb328ff67,0,0,0,0,0
e2ec9466cd759a9e7af2ec1872409b2e,0,0,0,0,0
01b834ab4d456ec120586e1ba6addd6d,1,0,1,0,0
57eebb1cc6e6a874a405a51a0a141966,0,0,0,0,0
bb6e638b19dda85c8fc1ca700470498c,0,0,0,0,0
1ddbf7531f91151b8a093ca92ef49387,1,0,1,0,1
1876df7dbcfc552ec9bb7285552996c2,1,0,1,0,1
1f353df037c6c884a418e18d82503c6b,1,0,1,0,0
9cf2b8b2ddc4b49411eb9e1d6fedebd2,0,0,0,0,0
00c324c5c168522b0c814e7d12bf37b7,1,1,1,1,1
a9fca9e0e7f78a1c1867ff49c60a408a,1,0,0,0,0
eafbba3839d09739380e5241cf1cab63,1,0,0,0,0
906aeb6a6dce493f9fbe810eaf8aa737,0,0,0,0,0
333e9259ef5d7dd9f32532315e7157e4,1,0,1,0,0
b761eba5027ac8a9576bd4f434806d70,1,0,1,0,0
aae187ec4e8971d7d06b64c7fc9b9b48,1,1,1,1,0
65fbf4c75fdffff9b37c78f9be0d634f,1,0,0,0,0
e96849b3c54aa1e52a07058863200bfa,1,0,1,0,0
5eb33c8fddb52e8b8ce78908463edfe1,1,0,0,0,0
6e27928295ecfd22178de3244e77bba6,0,0,0,0,0
682bff28cd223d9691edcbdce4cd989e,0,0,0,0,0
c19718aa44a93503ebd0744c32a2e448,1,0,0,0,0
620299fb2154ce0dc969a3c4cf5e722e,1,0,1,0,1
8e3751c5f22c2635d441a33bb2358f25,1,0,1,0,0
c84a2e820e23bfb19b1de90539d835d5,0,0,0,0,0
35c1496562b20ad39715bb4d1c3e6e3a,0,0,0,0,0
566c4db979ef545109fb1a3318d0bc12,0,0,0,0,0
4cb6ec61503e72d9ec5c77b158aa29bd,1,0,1,0,1
eb08d802211592778d04ecb739621d39,1,1,1,1,1
4cb6531a5c12bde7881d18e3a391ede7,1,0,1,0,0
a8f247c8cc877b5de99bb0e6e8303463,0,0,0,0,0
02778873dada734abc031eb5ff9a06d9,1,0,1,0,1
e8218c3809df8af30947f429b6663f30,1,0,1,0,1
d31d0c4f5976a945bc6614e0a0222042,1,0,0,0,0
6965a24ab3cf75e30b351cc9ea641672,1,0,1,0,0
b0c2bc278dc3e54b579759f034396af9,1,0,0,0,0
4878e58ca4a940847b266d843fbc9489,0,0,1,0,0
613eef29ca801020bf771d7e4945065c,0,0,0,0,0
f317507e2b2a89535096242511c7f3cf,1,0,1,0,1
778dc07f3b1f865ace050434fdd9caec,1,0,0,0,0
cb390b86d1a34234b46ed9da8bb19c0b,1,0,1,0,0
8e1f4583ebe83157eba9295f6bee5f05,1,0,0,0,0
aec90598194da7dd2f0151b52bdf319e,1,1,1,0,1
d3b86d541fc75279edaa73bd429aaffd,1,1,1,1,1
d352fa1480c5e0685a0cd9d9717d2d8d,1,0,0,0,0
3438f616cdc4244a4a984e08738387c7,1,0,0,0,0
9a9d71197511211971d7f33eb17b15cd,1,0,1,0,0
03c91043c1a2042830d5464f93ec1cf8,1,0,1,0,1
8965af12f3a4d6703c894c6d4fd403c6,1,0,1,0,0
ad148f50517ae13107615173f239ed0a,1,0,1,0,1
48d965d236a7d8baf0826e2be1e59d98,1,0,0,0,0
53e78cc5fbe2892f3d7daa2f0df742e0,1,0,1,0,1
af42a5c6de75970f8bc7b8dc95eff1fc,0,0,0,0,0
b3e42d0e525f3ada9eb1d418f37563c4,0,0,0,0,0
c5f055bf630d1cfa5c7fd8ab32b5eaf7,1,0,1,0,0
20b0934632e51dfff3157134be3a7064,1,0,1,0,0
5a49a8d2e1e64ae1b2a848adf732c270,1,0,1,0,0
e0aec0fe569eed580b9357069a399566,1,0,1,0,0
548df1b5581d4a0a394c05110728c3c0,0,0,0,0,0
09c9b1213fb8aa7c024892ef126ef547,0,0,0,0,0
e413b8fca0284e07d3b1d7e150cdc592,1,0,1,0,0
7467d04e3e68ebd4ad742980fecad12e,1,0,1,0,1
418e430d517a7022dfefb6dd003fd3bd,0,0,0,0,0
3db62a3410be4acca32e958291a6dd33,1,0,0,0,0
2f482037e8f5ea7d789b9ebc8eeba89f,1,1,1,1,1
d5672d7ee032b0e5b98f753f1d5acafd,1,0,1,0,0
ac26be1f054fc961effdb24d524bad56,1,0,0,0,0
3656851aaa99a5390d5dbf13650b88cc,0,0,0,0,0
a7489ecfada1249f63b1c9f7ee40c8f0,1,0,1,0,0
7f57334ded28c94a1f77a9646a2a48d4,0,0,0,0,0
136ec13aee1ff4357d7d47d7e0198497,0,0,0,0,0
af9b3a30d3788b22d990e5a482f95f03,0,0,1,0,0
b0141429989dc786e28a1e552bba2f47,1,0,0,0,0
f83be8ac34e70745642ea74172d248c4,0,0,0,0,0
b578cd3988abcd8628643e5f7890f10d,1,0,1,0,1
cce6962beeaf36c14d51801b04d28837,0,0,0,0,0
d6aac84f48e3721759daf5cda3687453,0,0,0,0,0
84849eaa88809e9b8e835d57d0fcaa31,1,0,1,0,0
f670cb50edf0b8985093f22fefe4c045,0,0,0,0,0
55336eed2c084964dccb082c7b88c57f,0,0,0,0,0
a70049b324b2f34ddba455c73839eca3,1,0,1,0,1
7fa3f23ba6150b494a27e768151fbbdc,1,0,1,0,0
d1106aefe4d4f3f4c97e59e80ca6638a,1,0,1,0,0
e12374e1d74e9b8ea568b9cfb5f9ec44,0,0,0,0,0
e96cdf7a627132ddd79fcb20121e9b38,1,1,1,0,0
5c60476d8f86eb66fd33fd3171878675,1,0,1,0,0
4ad58f8fb17b960e70cc5b5ac0c1f944,0,0,0,0,0
7e5a4f0da1ea3328660ae78c2ec8141f,1,0,1,0,1
0ed7c6f56730a276347d58bb35166ca3,0,0,0,0,0
2edeae62e685b0645e85de3b10fbde2d,0,0,0,0,0
846dd163764c1cd0fa839dc7f95a2a90,1,0,1,0,0
46f04054ea098043fff06947d2601b8e,0,0,0,0,0
784acf413ccbb895589f33660dc38067,1,0,1,0,0
739ab4419618e9b13019bbebbaf23a7e,0,0,0,0,0
2a4db1775bfe9fadd971653e7ad4d6c8,1,0,0,0,0
bba72249cb7029810ef1563231bff1e1,1,0,1,0,0
431db48f1194b4cacfdcebf8258bb11a,0,0,0,0,0
d5f51da2b6266e248ceec5c9bf140141,1,0,0,0,0
51735d4c45eeff1dfddcaea389fe0a2e,1,0,1,0,0
b0238d9971ba5c75c38ba228852fca8d,0,0,0,0,0
0b72d294e53ab2e6ec503da77a448769,1,0,0,0,0
c3d6c5cc2696fb503da24cb33fc7e192,1,0,1,0,0
7e1241c0095765713b105c651348d670,1,0,1,0,0
bc301deae834000a25ad9203987e4db8,1,0,1,0,0
3f8fd281a734b22e41943148d4cc89e4,1,0,1,0,1
c3754a16ce66ec74a189a09165459b90,1,0,1,0,1
dee8d1e71ae960ec1c6a596cfc93453c,0,0,0,0,0
5edf21a2d69d4f38cdd91e8f3c67483d,1,0,0,0,0
6c0718667bd49b65e3e8f445f0edd916,0,0,0,0,0
f65aa47040535b408cb122cfb8dd3965,1,0,1,0,0
6779a48fbc1c5c826c3d0e5c38b870ae,1,0,1,0,0
c11f1c403e42a50a132c37f30f742eb2,1,0,1,0,1
04527f38d1631b06c44620b0220ac487,1,0,1,0,1
73ad9cf9b559b9b10ddae1f1664d937c,0,0,0,0,0
727525bf604f9fab359324c13da018d1,0,0,0,0,0
4b06dda1408731778b420651c29796f5,0,0,0,0,0
7a844861594c915407f561c1dd2702a4,1,0,0,0,0
f52709ac9a406658777929072b28c40d,1,0,1,0,0
141c0dd129613222972bd55cfd8d3c7d,0,0,0,0,0
386d689fcf0c724f49d3a11a7dd32b0b,0,0,0,0,0
4fdc2849a085d4a5b5b8b4dc290bf086,0,0,0,0,0
4af49f7e97430f761f173d1165e058b5,0,0,0,0,0
0fdac1fc030510efcf690e08ecfdb789,0,0,0,0,0
1f27793804d2b8ba11086c18ca6a55dc,1,0,1,0,0
987c15f977bedcb826afd54c3113763e,1,0,1,0,0
7a53545aa84d40679edc802ff4ddf18b,0,0,0,0,0
2edd98d01bd6dce4c946866ed34641a3,1,0,1,0,1
c610408b1799432321285a647e5f38ff,1,0,1,0,0
5fc988d51829cdafc4fc4a249bde04c9,1,0,0,0,0
af8670f489dd936046698692998b048f,1,0,1,0,1
9f1a7747d0acda7bc7f5cc45c99e6c5e,0,0,0,0,0
164ead5a978d1a5d52a31acdaff5e634,0,0,0,0,0
de14a177410bb9aaa8cadd8f7229b358,1,1,1,1,1
2ed41fee6f3d00969c0c002f0b0720b7,1,0,0,0,0
b6e762cd321ec6eb587a004d8a137686,0,0,0,0,0
9e68cf3947b5c6c8fe66d3353d6f1c49,0,0,0,0,0
c90896d4eae31436d228692d05abe133,1,0,1,0,0
d62d2b0dcdb5fb4cdbe950138944c7f4,0,0,0,0,0
4a8d159a25a6d661a65f08e8d0442076,1,0,1,0,1
053c3f00038791185e01fd17edbf29a5,1,0,1,0,0
e091b69e00925640fc935a947ec826b0,0,0,0,0,0
784fb0abc9f7bd989f34a22e0a8c8acf,1,0,1,0,1
7c796f3cf11765822f487d758b72f221,1,0,1,0,1
2236fed5ca23ae50271aa059813ae2a2,1,0,0,0,0
7394236ec548e533b90a1d5af734b269,0,0,0,0,0
e379e21dd4f23254609e08c8833a21c9,0,0,0,0,0
1ca0107f0f75d2a5c97d39aa5816783f,0,0,0,0,0
1a317d1581255048dbffa76a294779e1,1,0,1,0,0
3b834e3a4db47719339f8540e920b137,0,0,0,0,0
9ab910128ef18ee4fddaebc451b0bced,0,0,0,0,0
b8f40411afda1775a9fcf6570234559c,0,0,0,0,0
0e2b1bd771aecc85a5dc8a9e5cda9e26,0,0,0,0,0
00b85b6240fb87178be7a55f624921b8,0,0,0,0,0
8093fb05a3cebbeaea761017b975e5ee,0,0,0,0,0
ea3e0726c1e37b88d7c0154444679f09,1,0,1,0,0
3877502ffe07327382f816c5cb98e8e1,1,0,1,0,0
59919d74bf76a34eceeec843818e0a6b,1,0,1,0,1
5dc178ed126e5a3a1bb938cf5693ad55,1,0,1,0,0
b90933325799aaaa2f62ef10a2060094,1,0,1,0,0
b48835148eb46cc4bfbd185646f07728,0,0,0,0,0
d194f6e03364e0767f8055619a05d1a6,0,0,0,0,0
572d2d846b0c0014f8e3c86bb036cfd2,0,0,0,0,0
b4702bd84a977ec6ed533bbbefa0a7c6,0,0,0,0,0
93c3f9a8800560f62bbe2c9912033a06,1,0,1,0,0
971c483ff4a82f82a59956bb269015bd,0,0,0,0,0
204a3544afeb9d004223b8549664483f,0,0,0,0,0
f448a4110b9ab1611e00749393836a30,1,0,1,0,1
df47e6cbf1f043fc66929197a759f5c7,1,0,1,0,0
70bd6656672b916773e064b4e0e74d13,1,0,1,0,0
6c3453c26894e94aef5ddc350d8bd21a,1,0,1,0,0
d34092b6470bf5a97a70df13d34485f5,0,0,0,0,0
1acebdb1d0d21b7677289bc14848a8cb,1,0,1,0,0
dbaf3cd866532b3f278128ea4632e1c6,0,0,0,0,0
d3db7e48efb79dec41a350e6c384decb,1,0,1,0,1
d24297823960af540c185fbb4b1d34f5,1,0,1,0,1
e01f1d563b317787b48ec040c8e70c45,1,0,1,0,0
9bfc178941386ba5370197bc3a44595d,0,0,0,0,0
027c2e4d8ec6fc79c52336e008096821,1,0,1,0,1
19f8cf5f826cbc320292c6fd2d5deb9c,0,0,0,0,0
05f3357f9bec9b250965392be95e737b,0,0,0,0,0
7643c4e5d04977677bde853956e17f69,0,0,0,0,0
2130605152b3ac8a473884d3f3c4355c,0,0,0,0,0
880ef4d7dda2ca89bad1d15f5aa24682,1,0,1,0,1
5cae1cbc4b0ecd44b787c22ad53db131,0,0,0,0,0
b12de0d430f0cea171614099659da8ab,0,0,0,0,0
1e6628c1281ba42c0b2cfad4205cb66f,1,0,0,0,0
0ad15ec2d918aea587d2cb53e74bba7d,0,0,0,0,0
b22fde245fd8de0b50c06de28d259c1f,1,0,1,0,1
555855eec0268ed43732a0bc8f862381,1,0,1,0,0
03bbd9a24b05565012eb66f62046d028,1,0,0,0,0
f17d22ca1b758008a01f062aeeb55d9c,1,0,1,0,0
db2c49944ec0829370102ecd74b5984f,1,0,1,0,0
9e12e560f0d19dac8e5c64c190836607,0,0,0,0,0
008ba29cf2f531efd522f8a7fea1dfba,0,0,0,0,0
f23d44df7a3c2b3caff6aec55f42b2c1,1,0,1,0,0
9cfd458e6529a3e47c1fe87f66caa106,0,0,0,0,0
943f2502633318806e1fbb44a105f699,1,1,1,0,1
51c77fe104c0c08f61ef8d17ed05d4d1,0,0,0,0,0
b4b265ce505b4024cfabc641a497e849,0,0,1,0,0
547773e16cccfb91ba2f2d56d5000f53,0,0,0,0,0
d9ca8a868c66b16bc336e1badb504c49,0,0,0,0,0
f41d4496c12fa0f563a056ee3989eb7f,0,0,0,0,0
45a3aa42cef9511a1343c060b7b57dc0,0,0,0,0,0
fc3b9be14102875be32c9fb28dad5cb9,1,0,1,0,0
29a3fb8c5472181dcf212026fbf6576a,1,0,1,0,1
f249d5cd025a02362348ac9295476e0d,1,0,0,0,0
336bfe6ad303ee39f6716372e6d43227,1,0,0,0,0
7e3990216289907b3bd8474a2c9b9e70,0,0,0,0,0
75387a31848adaefc7cb2bfd7d5229be,0,0,0,0,0
f5dfbfa62560a0533b811ff1dd09f60e,0,0,0,0,0
5f1298c468b327139f0d33fe44ab4595,1,0,1,0,0
bdabfacbf02da4fd88606d1bf9e15ede,1,0,1,0,0
830f3031b31ff531480227ffb9e5a975,0,0,0,0,0
9005aadc539a61c52bdd1e4546748998,1,0,1,0,1
9ff0eb5fed2e91fc6bc04826cb788419,1,0,1,0,0
50b64163bab40f4003f3f7cf4b15f60b,0,0,0,0,0
e1d94535d46557ac42b2c146ea4cb354,1,0,1,0,1
4dcbf390ab9e691a0e913c403ca15b9a,0,0,0,0,0
9765f3493748a85429998ebb3afcecee,0,0,0,0,0
27390b7d70140c64146c879d49ddd106,1,0,1,0,1
f746e21e61eac16ecdcd2459115b681d,1,0,1,0,0
0e2d496b477e82b5ed47bb0324dfbdc9,1,0,1,0,1
81d7c7c23ea7e6ec82ece614891d764c,0,0,0,0,0
cc0421d98097a4807600f7625b662a1a,1,0,1,0,0
9627ef6be4ae0da7a5fa59832b580cf3,0,0,0,0,0
485df6f2ae99bd2f0ed63f12c8a58e5d,0,0,0,0,0
b923d8b99fda5b315fc202862cfa5d32,1,0,1,0,0
8af79b24b167fa6425ecaff1e9e91af5,1,0,1,0,0
c3a68b2c2cc22bc4654b83e1e97b6e4a,0,0,0,0,0
4be16e08bba5c32b99606476e654d93a,0,0,0,0,0
2101e6b13bdd283cc09be30edc8281d9,0,0,0,0,0
27d39702ad69da3ddf2320ea77958f7e,1,0,1,0,1
91a7443a62cf027fd5c93ce18237f6ea,1,0,0,0,0
c2b3435936635472441ec53740631a83,0,0,0,0,0
0929b0e3a3af5f602c195f7fa9d0f788,0,0,0,0,0
a4a5b2708a06fcb26ff67f87d4498fd6,0,0,0,0,0
eeaf8363c6ec94e2f2a365ae5fd2b22b,1,0,1,0,0
40162ddb6db00ee0bee926281076d190,0,0,0,0,0
25ec81305c5045caae5b3f0473b41520,0,0,0,0,0
f2b41f371c8c8e2d8cc1f44c0f5c2dd7,1,0,1,0,1
711e89b535abec6299a255247660f503,0,0,0,0,0
7fef08266e19d577017717d6bac132ba,0,0,0,0,0
1e12efd119e57e8aad71c6bb9d2df4ce,0,0,0,0,0
6367cd754bc526e8efa6a47b4cc030b1,0,0,0,0,0
24e85bb0e1441b5f197a46ac756783f1,1,0,1,0,0
f4801b860870e0423395002ea6bb514b,1,0,1,0,0
f78eb2b3ee5eb11c5461e914f4ab28f7,1,0,1,0,0
136f24272e090b7546c709456c414332,1,0,1,0,0
50785e4979fdcb1d3a7c7868ec44a05a,1,1,1,1,1
111fa7dbf014d2dee9d70ae8ba0d050b,0,0,0,0,0
466c89104cca693a923f01224cf1f6fe,0,0,0,0,0
7e39e2e95162db64e25b3ea4be96012e,1,0,1,0,0
494b4407c57d0810c2ed9b915f0c19bc,1,0,0,0,0
13c0472bb8086bdd60b8e4c92f117a09,0,0,0,0,0
16d2de51e42f94a9c563d6586e99c916,0,0,0,0,0
73334c3f72bb9351df0d0631bbbbdecb,1,0,0,0,0
9b0c9e057a4903b6dcbd83d306f67986,1,0,0,0,0
49684bbc28151f64011799f771266230,0,0,0,0,0
bccd25d12b7dfd4680df5d86b16fa52d,0,0,0,0,0
ca9b3cf2a8ab47451750f45a8f4b5c8b,0,0,0,0,0
40ab316bebf75b66c90718ec66b5cfb1,0,0,0,0,0
163b34b213047b3d630033c837707bf3,1,0,0,0,0
c35083a977a99ffee3bdcf2611eba26a,0,0,0,0,0
4db8231b242b6e4fdad54850244a372a,1,0,0,0,0
bb9bdecb855bf6044200349e83b3e7ab,0,0,0,0,0
fb72a4563b9fe97e4804d8f1fa51ef3a,1,0,1,0,0
7392d9862416fcfa274bd5788f229d68,1,0,0,0,0
91799d9f82da249a707c738c33898926,1,1,1,0,1
12e558169bf07e09dadae464f16e5d71,1,0,1,0,0
0149dab18c6006ce4e505f2b54a3a18e,0,0,0,0,0
44add6e8f6f1620ab291bbc91cce7c79,0,0,0,0,0
449067b2fea8d6cc7303d0d8cc46ad7b,1,0,0,0,0
468605aa27094e85294cc607d7cba0fa,0,0,0,0,0
43366766b73cbd115a573770fb52b568,1,0,1,0,0
5fb7964f35ee36262eb8ae86658df3e7,0,0,0,0,0
11309b3d0a400a38c37e58df5fe95f7e,0,0,0,0,0
966a9ffa86d1799c0820c7a730f637c0,1,0,0,0,0
1be972d69e7d727eaab9a3d88b566373,0,0,0,0,0
bdd7c8e0c218f3629774dfb43da501c0,0,0,0,0,0
1ce9724c4988f6af6c870ff605b42332,1,0,1,0,0
8685ee20cc32ce547e953e4f4c793152,1,0,0,0,0
290e8964e7e2eb8d7ab9c270688e821c,1,0,1,0,0
cb5ed51ee562679bc31b981a372634b0,0,0,0,0,0
155c90f015cc074fd9597dfb1977647e,1,0,1,0,0
843680dcee40c66669e80106159ebcd4,1,0,1,0,0
2db26869e79cd9b338ef5843596cc722,1,0,1,0,0
2c60e2f48225c518081263e21095fa37,1,0,1,0,0
4ccd678f31a1c01350908fddff216cec,1,0,1,0,1
5c38c567259f86feb3df9136b84f9f31,0,0,0,0,0
17bab20c487c4fead81b5863352e8c9f,0,0,0,0,0
3943227f1c989bb4fba49829aae156a4,1,0,1,0,0
adc02564758fe3a3d3e95f348a3b425c,1,0,0,0,0
d350e6d75e30db41dc311268b10b41b7,1,0,0,0,0
712fdde77e24b9ed0b586a4f4244467e,0,0,0,0,0
49a2057e9926ff8639cfeea6e6936e26,1,0,1,0,0
554246c80ec0b026e720e2fab030f3ff,1,0,1,0,0
cf8990d9e6788086059ec31c11e9391d,1,0,1,0,1
a9b6c0c95ea23d959c456a96f6fcb947,1,0,0,0,0
fa1c46bbd18a6c071d8923286fc965d8,0,0,0,0,0
23d6bda6041c8b53ec947115663fa644,1,0,1,0,0
2593e04f7c02728f0e00c218dbbaca45,1,0,0,0,0
79b67bddbd5a6be515f4b2c17784d481,1,0,1,0,1
175b5a7dc6d257c061f80e8d1586a701,1,0,1,0,1
f74dbd4c08e7cb32a372eca9d37fd6fb,0,0,0,0,0
f6373471c6a59d9fc55af69751d77c57,1,0,1,0,1
a37b02d77922022dd1cc66132d634bf0,1,0,1,0,1
ab4864d3be2ffe9e7e0712f7e381188b,1,0,1,0,1
98a7d25639212e0f017a701d96fa5477,0,0,0,0,0
ca7a4f2a7d5d0385f6f1acfa37fa798b,1,0,1,0,0
16f6eb562bce15ca624af2848cc0b51e,0,0,0,0,0
7ee5025d207793080c49508788e6b5c4,1,0,1,0,1
1264902baa4f3e4a0652a28fc49409d1,1,0,1,0,0
ba602e1d7308dbfb44691b60a64b0f49,0,0,0,0,0
3ed5f3c74cc9082177f3c8a3af63ffd5,1,0,1,0,0
1b9e743ccd3333732099fab28621884a,1,0,1,0,0
e32c6ec4b7b1fadfff8f966e38526068,0,0,0,0,0
aec8fe0e42f07450b9c2e3a73b1376fb,1,0,1,0,0
9188377bfa76cf1f78912c168aef1915,1,0,1,0,0
5085bdf6e5a55ddac8d500b18051eb09,1,0,0,0,0
fd510675fe849e41747ecb077acc7297,0,0,0,0,0
7580915e1c6f324321f205cb7d5f2c76,1,0,1,0,1
91afde95da03ab21b4a2cfefd5899a17,0,0,0,0,0
65042aa09feb92c150e51bf87df49daa,1,0,1,0,0
029dba64dc6a92850017d07a851d598c,0,0,0,0,0
f4204e49dc1f1d4b80a18e102b3c50fb,1,0,1,0,0
922c538185613b85d8a6ad38f9eaf396,0,0,0,0,0
c35089f35fd17922023cfc3fae67becf,0,0,0,0,0
8e63f96010f885d5665504d51d572314,1,0,1,0,0
22b6eee6eb9d55df4b565383f1c695a7,0,0,0,0,0
b8ad83453ec228cf9a44f07f3beb83ba,1,0,0,0,0
d43769c0351a50d60a2875d152d49d06,1,0,1,0,0
04e8c0ddd1773c4c4b12753336026d0b,0,0,0,0,0
2fc86648f78e91d38226156b7935b022,1,0,1,0,0
b523aa971d05ac5f522a3be0ac1e5eb9,0,0,0,0,0
3955fc8bbd84ac87460b8deb71b9da08,1,0,1,0,0
860da6247eae2abe8698a71296ec419c,0,0,0,0,0
2d275909f597ebf81002b17daea3edc1,1,0,1,0,0
76132fa8e2da6ea48d63c2214de83e63,1,0,1,0,0
6cd849a07a18ea7974bb5d2f0bec1747,0,0,0,0,0
b2afeef1b4fbddc52688da32ae8bb792,1,0,0,0,0
d7c00c3ec527b4270b486633f0146c54,0,0,0,0,0
010ae4384f603399de5d3abaa6f52c5e,0,0,0,0,0
72e48795f2c0044542a8d66bc5439562,0,0,0,0,0
d013c83a2f62a51600b4237f95865f38,1,0,0,0,0
d0bf30d68584f64b71dd7e6a74cbde3b,1,0,0,0,0
613988858466ddf658d6de37f0c306a8,0,0,0,0,0
275dbe5cfa9e0daf839ff0f81fa3ed3a,1,0,1,0,0
ac658833560b4e4834c27d92cb2e2701,1,0,0,0,0
8aeb01db4669ab4a384d8e125af88bc9,1,0,0,0,0
3459372688ff2213de6e537a8017668a,0,0,0,0,0
da502c11a46cefcceacab92ef5b690ec,0,0,0,0,0
2b45fecbb8a325c758b6f92944ce09d3,1,0,0,0,0
66b12b7f95eaacc6ca5b6bf27c7c8cef,1,0,0,0,0
b3da6b6b35fe3ea5f41f4e8df91debaa,1,0,0,0,0
1c1b30ec25c1733d78e24aba44fbe9cc,0,0,0,0,0
e74ccb29ae871435524fa7fa1cd43b3d,0,0,0,0,0
49f182b11d44e07547fb57313935268e,1,0,1,0,0
54a90c36112088366bf69e1f359ffe59,0,0,0,0,0
4cc635ac9c4d08cb527c1be49856c558,1,0,0,0,0
90132d1ced6c49a8c7812a93f68cb7e9,1,0,1,0,0
fdbf2005d5051865d784019fcebba2b9,0,0,0,0,0
39b1dab12ad56a38b4febb9028861b01,1,0,1,0,0
632c9a29437b0908ad5f5e3e098fd444,1,0,1,0,0
f2ec007cb24ae7f8d279b322b8d5ccd3,0,0,0,0,0
8384710ced569c5a43a6e79fd56c4766,0,0,0,0,0
586e36840851890d23ce97c874413291,1,0,1,0,0
85bd5300424f8a6adb838a0e2397602e,1,1,1,0,1
9a1516eedf2e6efaa47c7aa438ab0652,1,0,1,0,1
810b530c826e46f3f85c37b9174068b6,1,0,1,0,0
0fe7ee30e08db5827d375073c3150bbf,0,0,0,0,0
607d7758e45bcbaa293ca2ced65d8f4a,1,0,0,0,0
6972f34d50339a92229fe3103bc02829,0,0,0,0,0
28402756fae5042851694e7f89d46d94,0,0,0,0,0
8b096720e4168d34362e07ff44adb156,1,0,1,0,0
f6271960ace58e5a138366f50a6036f5,1,0,0,0,0
e6c87a9f023ade4e0b9ee693222aa76f,1,0,1,0,0
f50ffbf6653c0ccc674d6409d723dcdf,0,0,0,0,0
075a71ca72fd78db45693af43c4c7e79,0,0,0,0,0
18456b6069586d7681c841e64678d6b2,0,0,0,0,0
7f81707c3c4901595514f8eeb429488d,0,0,0,0,0
c3a17883ff476ccfbd4eee5d6993a98f,0,0,0,0,0
b51570d1ba985835f054bb49a5229927,0,0,0,0,0
225f5d39f3107a542f99ec8e49fbb931,1,0,1,0,0
f6bba1e4304447f9ca0dfa2190c74914,1,0,0,0,0
704efb6869ee2e8a049d720c04c4043b,0,0,0,0,0
cb0dfa541a5107d333a36e326ec4fc1f,1,0,1,0,0
69be15582579ef6b663538a873b593e9,0,0,0,0,0
535d1c2df9a61914c42919153c1c9e19,0,0,0,0,0
a4f0c962924ddf38bc65fbcd815bacee,0,0,0,0,0
5b94a1197c6ad4c4c1d24a3422a55e69,0,0,0,0,0
29c8f347bae68f7518fa5d3fa05ef42e,1,0,1,0,1
079200e1dbe0439314b0e6acb506f53f,1,0,1,0,1
c3e070c6275aa4e316b1a54dc750271d,1,0,0,0,0
747f43eb13cf14215e488a850e31c395,0,0,0,0,0
89b32c7f3dcf14a50d981d3739f0d7e9,0,0,0,0,0
be093602577e2f6858ed7a619bdc7214,0,0,0,0,0
2718e3f72424e597c7b6850fc2aa8cc8,1,0,1,0,1
9f6d272a4c1f00a517ea5c376a7de855,1,0,1,0,1
5910ef9599bfedae79af1d75a49f1f47,0,0,0,0,0
f3753dea028da85543c2ff48dc24fe25,1,0,0,0,0
8a64808bf5e4eadcd9656b736746756f,0,0,0,0,0
677ba37cccdd39c914259ebc98bdc689,0,0,0,0,0
b6a0703b5275caae62f0dc0578e88529,1,0,0,0,0
566584ea3770159c6b76f750cf108bdc,1,0,0,0,0
c0e08735a7b6a98cc66e500073306af6,1,0,1,0,0
724c7f236ce5a1b3036a80dbaf5e4e9e,0,0,0,0,0
0b5ad318bb2ba4619acb0cf4e0cc06aa,0,0,0,0,0
13167e05e7113eb44cd451f11601bdcf,0,0,0,0,0
6bd450c5733e7a6575fadc4253c4d1a8,1,1,1,0,1
14c4b22627e1b0ec8962b27705ae1cc8,1,0,1,0,0
d5ff55614b051b17cc8353fa8b3d0c06,1,0,1,0,0
faf10f5f188a27725b6226571d2d329e,1,0,1,0,1
be928600b7be3729f21ddc8bd81d47e5,1,0,1,0,0
c91aee512beaf2072b5bfcb466ca453c,1,1,1,1,1
2052fe95b807ffe951ccfe9eb71f60f5,1,0,1,0,0
a018e39477e88c573c58aa1a158a69e0,1,0,1,0,0
1a799b5bcac2054a5f84bd69835c34fe,0,0,0,0,0
ee54510b4c8a6b45272c92b16ec86bc8,0,0,0,0,0
5e9f3b09f9f144bbd20ac211d2e7e4bf,0,0,0,0,0
34adadb6364edfdaf5f70d0cd5801547,1,0,1,0,0
e0cac35e102fe95ddc42c5b24bd7c167,1,0,1,0,0
11f23fa018f5c5aa34ac8b92f121f78a,0,0,0,0,0
46553fff97fcfef91ec82674a9a44f3c,1,0,0,0,0
3173f6d2bbbbb9e3b17b448846a0500f,1,0,1,0,0
5c0d6e38ee6318eb2a711f14f8ce44bc,0,0,0,0,0
137fead9724579591a8beb5e936bec9c,0,0,0,0,0
326f92b45c0f2ce2df5d337c465ec852,0,0,0,0,0
12e610e7694e193fb890730da3a1f472,1,0,0,0,0
9945e41d3db579bacab0894d3dc2b829,1,0,1,0,1
63fe9c90e1355eac62bc5dd5bb506241,0,0,0,0,0
2c6a15024bef48cd2c416ba1ba7f5ae8,1,0,1,0,0
855bde6608ce94ac1d79c14c49954dc6,0,0,0,0,0
313b1ca23a417608a056f8cbc0de50e8,1,0,1,0,0
1790b258355e071f12981fd3a24da92c,0,0,0,0,0
5cf0440799eb97ff2332db46d3bfcde0,1,0,0,0,0
b7f01b9854e2d6963945a796731f7b5f,1,0,1,0,0
d749f8b29841bd22a122ee8efcd397e2,1,0,1,0,1
7e036c8d62c8152fc812f0c3aec392f2,1,0,1,0,1
26a8bc7a80f01d6e6acc450b7264b08e,0,0,0,0,0
7ab9e4b3bf46b859b1ce182c1fec9a02,1,0,1,0,0
0067983ba442b99645a2dc2c50172108,0,0,0,0,0
156eb79c3e7d1803c35b256b7f35a2fe,1,0,1,0,1
0d3e03cb8782397d70596a23934bfacb,1,0,0,0,0
302774633380382cea16f2c35a837060,0,0,0,0,0
2c6084a7e346c8421b10439701858a59,1,0,1,0,0
299b07b81ab329db5f857aff068e08ed,0,0,0,0,0
bc2c95c06a43da7c4f0b6d211b13ee26,1,0,0,0,0
e0e15d30d859afc491f91e8970c0c8e4,0,0,0,0,0
ad50620ca9065bdde999ea663393351a,1,0,0,0,0
3a3fcbf907c6e84a53fc4626010607d9,1,0,1,0,1
a11b2882ba80936c79d1efc793e8f660,1,0,0,0,0
20bf8d20316b9cf687c0aacbdd1d2282,1,0,0,0,0
5b0967fac952924c735a18358e1ba98b,0,0,0,0,0
7ac5a863e4af8012c69d8310cdd65b68,1,0,0,0,0
dee4bc56b8c205daaf0383a7e6924a40,0,0,0,0,0
3ba21814d18d82ac4d156af51ba0864b,1,0,1,0,0
39823ba7eac067f64953505827c1e518,1,0,1,0,1
2443886e3d38db75f45c7f64eb19bd3d,1,0,1,0,0
ff47809b61279e85aa25dcb1e67bf240,1,0,1,0,0
9e3f344ba3abaebf44ad1c4121430bd3,1,0,1,0,0
f41f016ae58b41e5b2d750972c2eb834,1,0,1,0,0
41fd4139ee199beedcf218e0e5d9e6af,0,0,0,0,0
028e94cf906714496a286031b9725e2a,1,0,0,0,0
1a7a2f263cdbc3819b447734c7dbff73,0,0,0,0,0
8189daf51e688c7ad94090a97beebbb7,1,0,0,0,0
c7735cef77f16284c8db6df9d969806d,1,0,0,0,0
5f44344c652a4b302c5d7ccc3be84b42,1,0,1,0,1
0dabe80a0dd9627b99707e57175bdf1a,0,0,0,0,0
4919d5dd567b6ddb53f34921d6cca881,1,0,1,0,1
ee8da1b664fe4366ce6043d734fd0a80,0,0,0,0,0
d6b65751f6632843e60331357dc96b08,1,0,1,0,0
a7e159d54744a25f83440f4d81138a41,1,0,0,0,0
b20197ae605ddb51bb79cb221aafebac,1,0,1,0,1
f37f0b386977eb401172fbf9d8a4f208,1,0,1,0,0
6a93696e4a8a0dc78daf908b00b495df,0,0,0,0,0
570c6ccc72ea7d66ab58fccc4fa37353,0,0,0,0,0
e8e5465feb62c7b72bb5363a94dda32b,0,0,0,0,0
d44267445af209ee4c95bcdb30cd8a0b,0,0,0,0,0
b002189b12c9aca3ba4152eeed36007c,1,0,0,0,0
982cb0f4a10646d56c1fc90623d4e7a3,1,1,1,1,1
f36555a580670dbb3c596e227dee47aa,1,0,0,0,0
1446b89409334ca40829418a275afa21,1,0,0,0,0
a2dbbc25c6511da774b6f906c6eb428b,1,0,1,0,0
97baacb9ecf4d52809ed00329f260b14,0,0,0,0,0
aaeaca53d17bfcf7baf91f5118756367,1,0,0,0,0
d0490852be8439e0e7bd1ce792d9d213,1,0,1,0,1
53a738f1c8e5822745519eb31e5d4910,0,0,0,0,0
c8ca5cb5a63fd845767e0e9813944c01,0,0,0,0,0
73a560c426e143459d02f756d995463e,0,0,0,0,0
ddf163f9d306f5eac2164695d8416027,1,0,1,0,0
285cd943551b35e6d8b32e0aaef8110c,0,0,0,0,0
bbc501e4e1bc92478f951d254e03534a,1,1,1,1,1
2d1886c958e91a50ec5d7031304ee208,0,0,0,0,0
f2edafd3f43c65a13e2e8b79706ef3be,0,0,0,0,0
e44406b79fb82c83ca778c72d6b1d06b,0,0,0,0,0
222fddc5a5f257d6293a5bbfc06adc62,0,0,0,0,0
79b5cf1cbef5ed460d321ebe33fb5ae1,0,0,0,0,0
1ba55bd990fe807f02654c0bf5c02185,1,0,0,0,0
141f4ddc8719fc496d46f8b9c54bef36,0,0,0,0,0
ae7518826e665afc7f976e90f8681525,1,1,1,1,1
e4a37ed074da8ae5578f3178501d0497,1,0,1,0,0
11cf5c059a7f8520827b1f29a5cdbe27,0,0,0,0,0
2aba6f93e50cb02456b174426edffc68,1,0,0,0,0
8cc33986a83b31570c8811383b3b1803,1,0,0,0,0
cf3a51ae3946f92ddebd1bd45afd716e,1,0,1,0,0
775f4d3b3051d70122c1d0df88eeb467,1,0,1,0,0
95827a890fecec2809f3f04d7ea3c788,0,0,0,0,0
a334572b301ac60696d59c188c753782,1,0,1,0,1
da931a891aa4137fbc32bc53465d1def,1,0,0,0,0
d882b80934de7758df7e56b224b6db4e,0,0,0,0,0
ece3431da293df0d549ebf464dd95bc9,1,0,1,0,0
570ef2684aa730e5e9baac083793ba44,1,0,0,0,0
a998941beb265dcc4a34e33faf96c37c,0,0,0,0,0
05d44e4891b2f65a3b48d8db81407f98,1,0,0,0,0
df7d32b0f33910003b0462f017c4925a,1,0,1,0,1
0e7bdca2e31a73aefcc904a3ca729979,1,0,1,0,0
1932ba5329507c441b39d01e5d861698,0,0,0,0,0
77faf4dab6979b5135e54ff28e08748b,0,0,0,0,0
2a3563caf49da429a7201daaae88dc5f,1,0,1,0,1
2409cd6a799875fb09e3c989b8a0952f,0,0,0,0,0
641be0afc5f4b1fa9875a459627a7a76,0,0,0,0,0
86d84c64ebd387ac12724229f29db37c,0,0,0,0,0
5a75c74d13532e9f6b103a5232b8a42e,1,0,1,0,0
dbf62b3662ffbc3e720d589e6519875a,1,1,1,1,1
65a153cc8bc3a8488ae3ed90063717e2,1,0,0,0,0
f6c8c4277d87e723228ef6be771589d2,0,0,0,0,0
7b118b092520cb6de52aaf6501c36ec9,1,0,1,0,0
1598e8ea9b46ec506e57bdeb07412042,1,0,1,0,1
44d13cd2a3dc7bda51269875d9da5d92,0,0,0,0,0
a399e55d92300a517b100554c690928f,0,0,0,0,0
77b67ba64636ca6c7d61b597ad9422d6,0,0,0,0,0
cb78593e3d37873328dd3e19067abc53,1,0,1,0,1
b265c805c0ae9512f826b8c915fdefbf,1,0,1,0,0
6f4b4fd96faba215ed8cfebfcb69686d,0,0,0,0,0
bcdc9bcb1d40daf7da43cf6814f80b6a,0,0,0,0,0
dad49d528189ee186d034b53bbf28893,0,0,0,0,0
7661ff344cc1edcc50f6d0c8447c6110,0,0,0,0,0
1056bb2347f94895dd7a28d5f43d3af9,0,0,0,0,0
861338867f402610af1afdfef81ab98e,0,0,0,0,0
7749abae6c7a9b5e2b469acd27f440a2,0,0,0,0,0
9caa6ab4c7c8010e1df32bbe6df24111,1,0,0,0,0
54e991259d5da0ba0cd24ccce9c27164,0,0,0,0,0
f7a712b8036229c594277104301883f5,1,0,0,0,0
7eb10b0555504649e3a846bb9a6722ed,1,0,1,0,0
37c9ea0d9868e689f6f4a133c1ccbf36,1,0,1,0,0
2f74e1fa74633d9803c54a82fc5495ac,1,0,0,0,0
5c93e4b1ec1bff2c1a5520a5f9539fc3,1,0,0,0,0
e7484f9b0c9cd98eb1ec78c939c076c4,1,0,0,0,0
336ab4de2c15a905940a59251d57d905,0,0,0,0,0
7fe5ba2b48b2624e02ef248173f465ed,1,0,0,0,0
29fd47195b4360ccee574e608891ab65,1,0,1,0,0
4150db6b232488b430902bd8239e2578,1,0,1,0,0
f26830397e2365365a5a832beb54c99a,1,0,0,0,0
dc617453d2c75b6012e18b317ed90fb1,1,0,1,0,0
98575ad2d7041b192127f2b3f85dff8d,0,0,0,0,0
bb44da347a6dcb0c659f79b69a800e27,0,0,0,0,0
321f9791d97d78aea1a6c0ea8061866c,1,0,0,0,0
e72b8312fe50f79474a58cbf5837d05d,1,0,1,0,0
73fbad54659204630b3f5e7b18dc8431,1,0,0,0,0
efac5ce77885e9f90c7ff81c2a024db1,1,0,0,0,0
162e0fa0d34220df5490f12e788615be,0,0,0,0,0
d96e57c98cb943bb93dc20cd8a1e4fff,1,0,1,0,0
899b15cb5e1fded4ad45190dccee0213,0,0,0,0,0
82319d3fa0707d8586cc9a034eab929c,1,0,1,0,0
84920f4975d1f8923b1c8c4c09fdc3b5,1,1,1,0,1
8c0a65408aa6d37aa14396bcfce1f634,1,0,1,0,1
3c8ed318278cb41fec15cc9a41ac3701,1,0,1,0,0
a657b70aeb98d04b39af064c1aa85769,0,0,0,0,0
0a2fdc831c65be78227ea2f671cbbbac,1,0,0,0,0
7f85b5afca95f0185cb0f0e252f89357,1,0,1,0,0
a2f2ad4d77a0da35a42136f5fa587fc6,0,0,0,0,0
82280964fe106f6e47ae07bfc6ecce8f,1,0,1,0,0
8e487edaa9a93c05b026083eeb973e7a,0,0,0,0,0
95055c180ac87e3511f7a1ce952b3182,0,0,0,0,0
069a2b26f3d863a80f70f6844b07ec27,1,0,0,0,0
206d480aa53e3a815747a28b64a39ef2,1,0,1,0,0
0d3b134f43163d33fe86a72cec208e8a,1,1,1,1,0
e9d7b70bf863e25882495591ce2c3c32,1,0,1,0,0
6d3b90134d4a7328270f7e75a6bf7e4b,1,0,0,0,0
3f57dc1a28ad0516e41b226c951b80c6,1,0,1,0,0
dc5ede4ff8e47b23f6fbaa5e50cb1fde,1,0,1,0,0
74f2fb408015b15204cb87b344dbcdb7,0,0,0,0,0
5fae8d8d11bb84c2115d9d67dd57f23f,0,0,0,0,0
351540505d65518a8b5e5dfc9a1fbe00,1,0,1,0,0
8218a0ece61dbeb284cced1966d8eb21,0,0,0,0,0
6bacc6c1bdf655b955f9efe69e1b4399,1,0,1,0,0
c0caa6f57c13fde9c5575a3c151e52e0,0,0,0,0,0
4e78288165f6a97e35819bffb1ed83da,1,0,0,0,0
0b3a5c3ae2f6c0d3574a246101a0d23c,1,0,0,0,0
266ee7ebc6a5dcdb5739eb80671f6a25,1,0,1,0,1
c7b663314749b70c91e96d2c7b43e07e,0,0,0,0,0
b2f98b85c7f0b7b6ca7c6135da74e014,1,0,0,0,0
4ee5fbcd8e54d829f8272c52a0759f47,1,0,1,0,1
af8de855db289b200ba51e7af2d96343,0,0,0,0,0
85667bf96e74b3292b305f4d31239e70,1,0,0,0,0
0b03b6e9cfc73ad487d369004885b653,0,0,0,0,0
96bd6fc3ea2291bae88b5081419a560f,1,0,1,0,0
eb333d5c364db214a0ecccbb080a35f7,0,0,0,0,0
7976adc85f6e7cbdb09257b563e043ba,1,0,1,0,0
d62f6c6e86e516d1d53f919634ede31d,0,0,0,0,0
ee5a54455c7f6ea334bb034b4f16f7e7,0,0,0,0,0
24acb9398fe87b52dfb6fca71c2f2610,0,0,0,0,0
69c76f2d2704f544e5776b606b8172ce,0,0,0,0,0
a1596b196b580b27af3680eb6c9ad176,1,1,1,1,1
d5155b29449883a40f1fcdd60582622d,1,0,1,0,0
f126fc30b24368bf3b320a2d3c5554a6,1,0,1,0,0
3ac41ecda83b989a9b01afe9c4f37232,1,0,1,0,0
13bc3403766291df7b72c0c18aa4a5fa,1,0,1,0,0
c8917db14ffcf4380accc46e1eadd946,1,0,0,0,0
2296c72cb96538b784326f75776a385d,1,0,0,0,0
0d2db557836719f3feed33adbc171002,1,0,0,0,0
99e54c2f0d4e129ace64dfa391d27e23,1,1,1,1,1
9018eb49bc246bac2877aed176ff5a88,1,1,1,1,1
1d65ede55ae53d256e012127fc2b0b98,1,0,1,0,0
8c4eec3d9e6ab2744c5a54bb0b66253f,0,0,0,0,0
64985ea2ccd30e3291b5415d2cddf934,0,0,0,0,0
1ffc6b06600b27fd2aa395daf4549e25,0,0,0,0,0
519a3ef037d77c8aadca43e26490412d,1,0,1,0,0
1c818f5ae5e9ce2a06cbf1042e88a63f,0,0,0,0,0
af63bc68aa9fd677543fbb6f702591d2,1,1,1,1,1
197c1b6c4491a17c1e2823ab6f57956c,0,0,0,0,0
7800f2652fe7411f4e00a9b643dc123d,0,0,0,0,0
6340d1473d60a866a4b86a97075b46fc,0,0,0,0,0
78c16669d7e390bd4d5c91e5cf8293b2,1,0,0,0,0
bfddc1dbff2be1ba5d682cdd8d7019af,1,0,1,0,0
9e4d7167abcdaee81fdb3e3bfb5e08a2,0,0,0,0,0
857d9979c2e33015d57be6fdc2513364,1,0,0,0,0
40a7d4bcdb8b1d12bd85355ed66e354e,0,0,0,0,0
48e24309487d50526abc033c7abfab24,0,0,0,0,0
3029f666dacdcb8ad10c54ee3d78aee8,0,0,0,0,0
2fc0807d56a358dca4ae2af919e8b8b3,1,0,1,0,0
f27ee77e5f93612954788a363e6469d4,1,0,0,0,0
956df8507ceae5220e625a77d9a25f9b,1,0,1,0,1
7d4fe8ad23283301ea61b910e1616928,1,0,1,0,0
6b2e7a5c51f5a07ace626d450a90904b,0,0,1,0,0
6fb0a84c9e8ed1f3774efb84b538232e,0,0,0,0,0
2f7f74a4b652612f4d38c080444e5def,0,0,0,0,0
6d696ae84953729519f378e9d772c97c,0,0,0,0,0
23691aa8e0e53224bacd325e3ba088bd,1,0,1,0,0
c8fa21e8de67ea9d45bb82d030e41378,0,0,0,0,0
1483ebb78ce0ef0d3fdb66edf3fdf534,0,0,0,0,0
357e7f08978ab34a785a05ea7942ddf9,1,0,1,0,0
2e56ab84f72f926fb77b82e12df00693,0,0,1,0,0
f7d1dbaace3f9e21df29c0515fdd0feb,1,1,1,1,1
37fe4b6dfea456143d554f1414e764ed,1,1,1,1,1
8819b3c37e57e34b07581bd82f10de8b,0,0,0,0,0
300c672b3d613b349e0ed4dbff5db6e4,0,0,0,0,0
0bbf072cf97458b511a4dce1632b7cbf,1,0,0,0,0
749f405c419074fb8cdc3ebb4ba3df3e,1,0,1,0,1
1070b4a6fb9deff195915e8481cc5066,1,1,1,0,1
fdca3b2d3096e5e00526e45d311a2236,1,0,0,0,0
f5698e08d92b19ec299f9223e99a7868,1,0,1,0,0
9af48ee15acc3748c628d1c3998d2cb3,1,0,1,0,0
d74b06f4e6653e926f1c60c36de8fc77,1,0,1,0,1
4bc6ccc094a86c1b1b57050096637a00,0,0,0,0,0
ad052b40605caa2c1fef9891ae4f898d,1,0,0,0,0
ed58957c7ad7f55fc7ac5063d6068d35,0,0,0,0,0
bc84758dae8b9d49f15595598823f019,0,0,0,0,0
e9fd07c1ba1b7e956effbb5c42e4809e,0,0,0,0,0
1487b0497216685eed14b7927573fccf,1,0,0,0,0
946ee733d41870529da0d07c8bc27e67,0,0,0,0,0
fe5cc827a3b39e2686faf5b81d226920,1,0,1,0,0
b664aa3a3dc24d4520f753d440ee6860,1,0,0,0,0
b9e743b6ed915148f86ee24ebf530aa7,1,0,0,0,0
a2b7ee2f621bedcc3be671318f6b2fae,1,0,0,0,0
23243f52d5e0f13356ad27880ce63dc8,1,0,1,0,0
4d0d26a1d21c052c38450377ff1e5117,0,0,0,0,0
0e87758d1fc62c12799b1b96e3a25e0c,1,0,1,0,0
88e34fe0f09d9374b55fd500cf395b3c,0,0,0,0,0
0da361e19b2d7dab7c986a71d0a0df1a,1,0,0,0,0
1e260bfa5a984d1fcc86c618693c3233,1,0,1,0,0
0504f27c35ce80e4777778dd8207f052,1,0,0,0,0
be8df9bbbb7203fc2824f309ec9226ce,0,0,0,0,0
6dc32e415cc36d891a8e2c09f2074d1d,0,0,0,0,0
f888282428cb0da2cb4573c8bfe7ab70,1,0,0,0,0
11b184194074d6b245d5c0ed77fcd7e9,1,0,1,0,0
05aff83f7b65e7561f0fd97ed2ce6426,1,0,1,0,0
425f95194190abe72155e9296ac4a0d3,1,1,1,1,1
e282c1d9ce3f5479ffba779e49f5b5a4,1,0,1,0,1
3376e32c9bf4980536e9c91af0fd6f3a,1,0,1,0,0
f8cfadcb549014390a202d23a3cb0fa0,1,0,1,0,0
e129bc65ff9f443cc5f82e66ccc8f831,1,0,1,0,1
7d03cd4fdd9c35ee85e5f1f7c8edd5f0,0,0,0,0,0
e75250b8a44b82f806620b5bc964a18c,0,0,0,0,0
7c367d45d5399a09dde2e0047f7f4b78,1,0,0,0,0
8900a68bb05bb197fa5652b8e189a68b,1,0,1,0,0
cac2efd4f79e3389ad837b794f179f7d,0,0,0,0,0
0bda38b47aae5e47c40f1a89aa0ce736,1,0,0,0,0
b3b750960975080ef728f8959f631e5c,0,0,0,0,0
e2c4621b56a1b1c19bb19110ba756794,0,0,0,0,0
b26db7023c29d3216e397fb55153ffa2,1,0,1,0,1
cf694ed9ad5456dcb67ea8899d24a6a9,0,0,0,0,0
eb9dfe0c22b8c45b5f63ab7bc712afa5,1,1,1,1,1
f939d317a06b3b06075589e2c9ecb2a0,1,0,1,0,1
42c3aac182972621b438891f787258f6,0,0,0,0,0
7a7304025e17448dad2daccc3da635e5,0,0,0,0,0
13929ccdd7dbfb70e69f5ba7a32e2dbf,1,0,0,0,0
c9b950ac2a4fb6d65bd1991b3f2485cb,1,0,0,0,0
2401713417faf2eeb15171c440366f41,1,0,1,0,0
790e823a19b24f8a5e2330defceff24b,1,0,0,0,0
0f3650deaec8b95f08e1322827ab7644,1,0,1,0,0
91e1bc151a3bfb5c82ed83aa8a68a1ae,0,0,0,0,0
681ffecad3ba4cad37b2f939a56a9498,1,0,1,0,0
97951f448ce52d3944e97cda457fedbb,1,1,1,1,1
0413276dcd2b89e3dfb1bb28f7b38691,1,0,1,0,1
0934992e82f28aae25ed138b936de928,1,0,1,0,1
e46b501476435d677c3cd65b0592f813,1,0,1,0,1
2b1613a214a45b4ae6a09cc60a57a13e,0,0,0,0,0
e198ed6153d2e2943b3979c87d1382b1,1,0,0,0,0
7e426d35ce3e656c8b65ea87352575be,0,0,0,0,0
e5280ebeb7bbfd2f484454f36263fec2,1,0,0,0,0
63213bbc066936396e66281142ff8120,0,0,0,0,0
c4e2676a127bc10aece89a41bb0851c7,1,1,1,0,1
d6e613bf79a855ade4ff030873443c3c,1,0,0,0,0
ded3ca3e7c31d03e1c092fa291e3859c,0,0,0,0,0
e94985249c878033fcd77ac302366a3a,1,0,1,0,1
6e7b9c73c3bf92bd1801a381678e102f,1,0,0,0,0
147595a09d30e1ca12b6c3c5da46a847,0,0,0,0,0
d0a7699131b9480b4ffe195bb9eef756,0,0,0,0,0
ee97a3cea37d76aeecf9fd21daf3df9d,0,0,0,0,0
9243495e191e5cf62069e4217c0567fe,1,0,0,0,0
b4e1aacc5417ac3a3fbcb6c111074231,1,0,1,0,0
4e8d27ba7ea6a9007cd9d0b180d6b0ed,1,0,0,0,0
289254dd004f02ab27132e3bf93db8dc,0,0,0,0,0
baa3c0ba6bcbd3bdcbed436d93774824,1,1,1,0,1
d91d75a38dea6667b976b30a46a2485a,0,0,0,0,0
366be8517109a92281197c9c96e72d1e,0,0,0,0,0
32bbd92ff096e61e29332e5babcf7ece,0,0,0,0,0
b37464105e4fd7717cd419476d7fcc4b,0,0,0,0,0
f155900cc2379a644204c3ceede88420,0,0,0,0,0
a5e789e613df89ee9655bbb257aad5f2,1,0,1,0,0
dfd8c946b796db1cb9b7af35a520d77d,0,0,0,0,0
66a263ed3278452028a30f2b20db4c52,1,0,0,0,0
99b5dfcdfb9dd4ca194aec657f09b7b5,0,0,0,0,0
0c0ac5b3d6ea918c3d454ce331cb94d3,0,0,0,0,0
69b74623bd3fc8b5a320cabc11fbc7e9,0,0,0,0,0
7919a764f6b49e334c90863a12401dd8,1,0,0,0,0
9fb791ae217aef1bd868eb63fc84459c,1,0,1,0,0
e3576a0c17852d5a86f85fc0029b9f8e,0,0,0,0,0
a7ee73a33f50139140f34dacbcccff31,1,1,1,0,1
95b762565d0f580ad5172d2a842bcdd2,1,0,1,0,0
8285c90401a102dde553bafb0894adfc,1,0,1,0,1
0b6a65fb2ba91d025ee30465b552d6a8,1,0,1,0,1
80d82a835c7d39e09d2f0d6dd131f44b,1,0,1,0,1
baec62dbd1f87a805b1e41d566eeac99,1,0,1,0,0
67bd4223d49f63fc9055d1c4c10221b8,0,0,0,0,0
a614ddd9d9bd7b70c7fb61989a9edd52,0,0,0,0,0
d0a8e488bf725629199e11291a47e8a1,1,0,1,0,1
e5b82a2a7e4fe23eded409cfbceffd45,1,0,1,0,0
6b2396dca319792c2d2db40ed116e4e0,0,0,0,0,0
3d87257ab569790b43d5a5221d295144,1,0,1,0,0
7062964aee5d962d0d05185ee06eb7dc,1,0,1,0,0
e6d93e4690c2c0e83d8067e40838e442,0,0,0,0,0
1099e103dc27baf46c1db24389709810,0,0,0,0,0
e67e675602a08671bd89bbfbac7871b1,0,0,0,0,0
5e66991d6145a499e492ab3c0a25100d,1,0,0,0,0
c32a12b52c3be821d18a85447f5e4957,1,0,1,0,0
61e4ba4fc134847a63c241c45f85cfbd,0,0,0,0,0
d5a5d0218cfa378a724c777463c01516,1,0,1,0,1
67f8be89e2afb30ec7d3f8c57f143f9c,1,0,1,0,0
5972ceb9b72be3cf103859390aedc053,0,0,0,0,0
312c798c58f3a5c83206e9a8988fefe4,0,0,0,0,0
4edae37c281089871de187b2b0d06d3e,1,0,0,0,0
148f3b8fe671c958f5ca11fb787ce89b,1,0,1,0,1
b3bfbd828748292a283f94643adc2d7e,0,0,0,0,0
64f89d7ce90e9ca5c03ed0298eab2d7a,1,0,0,0,0
3ad4e866000465c1296fb3965a3fd6b5,0,0,0,0,0
90027107047bdac46073e977b4daf943,1,0,0,0,0
6e49954fed86947eb86355f7dc275aef,1,0,0,0,0
9d2b36496d980d85fb650692650dd3b3,1,0,1,0,1
1dcb0e0ba92ee57690071fb58f2e030d,0,0,0,0,0
6fb7310a89484f1bb2771c76f99c680f,1,0,1,0,0
c2ed86abdc1cb8a3544a7216a84c4fde,1,0,1,0,0
4ad0ee37d3555f1f4a7dd963a23834cb,0,0,0,0,0
4b1e539c80dededdcc595bf8451b97fa,0,0,0,0,0
5d5b5563a21c882027dcbb95c4f8e490,0,0,0,0,0
d15cd7a1380f276eac7d2416d558bf58,1,0,0,0,0
c6998b1fb51b7d3a233b487cba4bad55,0,0,0,0,0
ea45c25af8a4f0de226209b246dc8f7f,0,0,0,0,0
b24e14d27735b33bb9701b7f1e8e75b8,0,0,0,0,0
bc3699f7ca856fd2e479c18c13492d1f,1,0,1,0,0
7f753519deafb655498544c677502ad7,1,0,1,0,1
3bc01fdfdc279e4622656b23d110673b,0,0,0,0,0
ff6d15c07eb73aaeebff7f534e01da1c,0,0,0,0,0
a538572769a0236958c252a6f89f48a6,1,0,1,0,0
a82b0457a9def8e3d22f48059f22ac41,0,0,0,0,0
f2983579ba0e1c936d70bd62420e9b04,1,1,1,1,1
e2722e0a58fcdf0edeaa926c6fb05786,0,0,0,0,0
f166e759d844fe29413c22a9d97ee50c,1,0,0,0,0
de791f1e7268c5ca58b177aff54057f3,0,0,0,0,0
1c8df53cc7ab7df2972cf24c7f78a016,0,0,0,0,0
6e8506451c217a9620a7940b2c73eb7c,0,0,0,0,0
3d9ac8e0d7b7f63878cdea44e26bfc29,1,0,0,0,0
9594266487225cbe248b4683fd5603c6,0,0,0,0,0
f39faeb6cdf93e74c9bcbc9660d27831,0,0,0,0,0
e3e64036199e43726027bfa7ce547961,1,0,1,0,0
a66c0acb64130f5c48cd1f8d5535706b,0,0,0,0,0
248eaa5cec02954b123c6f636ab49896,1,0,0,0,0
114cc02646cb39ae05cef57013b895cb,1,0,1,0,0
127e5e642cff9afd393adea909e32751,0,0,0,0,0
696ff88e98fc5c27ff53c8ec6accedbb,1,0,1,0,0
51e502a687df0d8bc1f4b45915a32e88,1,0,0,0,0
fd957ec1ef0ebab296e832249db02714,1,0,0,0,0
c265d22f3709ba5fe2ca11f9b84ac795,0,0,0,0,0
4f75afe1531e4b11edafc7d6208c6a15,1,0,1,0,1
cdaa2a0aa4d6eec550f50805bfa410c8,1,0,0,0,0
2743d0d8e784a828bf25e1b6bf14cfa8,0,0,0,0,0
c0c2cae0b09a30067535d4556e1e9dd4,1,0,0,0,0
1e50a81b59ad8a6611325f8b63d19ec0,0,0,0,0,0
05fac7652d122f536eb14c83f228ec27,1,0,1,0,0
01e67a7bd590748fec2a9dc9e4d2b822,1,0,1,0,0
0f49ced6f509afbbf78b4189a2a676b9,1,0,0,0,0
4dc273ff55331af34999fb59f0327f50,1,0,1,0,0
4670f4e934603033ae83c4f9fb86bf34,1,0,0,0,0
ce263b207181c8698f25fad65b1fe597,1,0,0,0,0
6c8065e2300d305bc7d64ed59fb37554,1,0,0,0,0
ed900781c18b73806fabf4e5b2cb711e,0,0,0,0,0
f4f5412657f81957dc2efd179b59232b,1,0,0,0,0
ed784964a968873c5b181e51cde75bf8,0,0,0,0,0
5336fbc77eaad882b55320d463d83b82,1,0,1,0,0
17c0967e717b539d4882550d9d76e499,1,0,1,0,0
b8602e2b1b0a4b2f215dc5df08f623a1,0,0,0,0,0
27337adcbbde1eac24023d33238f333f,0,0,0,0,0
a4236073c7ee6b03d807203b821d12fe,1,0,0,0,0
9e0529b03e05212065a53ff4878b93e1,1,0,0,0,0
68b6b9772c0c18ca486b4547c38b530a,1,0,0,0,0
08b84efd977a3e39fa343628fb8caba0,0,0,0,0,0
3067fe3b3919c527bd2a5402b65e8f0d,1,1,1,1,1
ae4545b8310f600f261fe76838d3ad9b,0,0,0,0,0
ddc247c5b235fafcc9ce14e27513bd1a,0,0,0,0,0
3cf10f4d9d1463212945e7bf47cce43c,1,0,1,0,0
c27b04bcd48f4ec557d0c4ceb1f3f216,1,0,1,0,0
5e50d2afe30a8e23fbc620a64ced90dc,1,0,1,0,0
f4f956648218def132aab69bcdc59d01,1,0,1,0,1
eb74f610e3a0cfa503d3f2454c223f5c,1,0,1,0,1
1fa323e545a337036b166c768be12ce0,1,0,1,0,0
85b6b571ff7a585ba88f2670b342e397,0,0,0,0,0
92756e645bedcf067ca650620c9d082c,1,0,1,0,0
d65ea4792fbd5b5d1b199ed94c9b73d0,0,0,0,0,0
08b4dc89867649d28d934c4db2e068eb,0,0,0,0,0
4ba44a7f1e3fe77d7d9151518552ce70,1,0,0,0,0
7ae6094fb1d0df210555cc6eb66d0678,1,0,1,0,0
d42aaae7ec7790737034c77167e4a1f4,1,0,0,0,0
90a6b18298b0af921d46c5ade6e88e4e,0,0,0,0,0
915b4fcc5bcb5df4898a40dacc16a93f,1,0,1,0,0
aa05f659cfbdbeb8899f72effe0b87d0,1,0,1,0,0
b06561f114a3ed8946868978112a57ec,1,0,1,0,0
d1ac392432a0d4bd8119bac8355e0656,1,0,0,0,0
8b525a44fc9042d453a19784c190159b,1,0,1,0,1
ecc046a13cf0d265c86c565f8313aa04,1,0,1,0,1
94c66b77b35b8b5007a897321bcc84eb,1,0,1,0,1
b5a10ff7523e68f255c9ec997322f657,0,0,0,0,0
5c68260541ac74e37142b4731214686e,1,0,0,0,0
ff1c2f5befd22f67d512a43321b9f3de,1,0,0,0,0
f7519fce12896780b3d41da0133aae58,1,0,0,0,0
a471e2349e34599505ff7cbd477d6d33,0,0,0,0,0
13639dc9140339339bfd8562484a6252,1,0,1,0,0
8299ec53f7e936e144f5a24585a508be,1,1,1,0,1
38ecb134faaf5311080cb8401c97f00b,1,1,1,1,1
08fd40d600f5ab1a5951bcef5aab5159,1,0,0,0,0
5211a5facb6382425fc4c2fe12a38957,1,0,1,0,0
01c377d6da94b7c2010ea5f448e0eb9f,0,0,0,0,0
c91bc3e519b096dc804a78bc959dad42,0,0,0,0,0
cdd839cb7ece5508e7442bcc5e69a727,1,0,0,0,0
ef60c262b9e7f82e82aaf2b51cfc59d1,1,0,0,0,0
bf2b24d2e602c1d5f3daf96d929063a3,1,0,1,0,1
8646f2c127ea3b96a87cd5345d335699,0,0,0,0,0
fea22d74b2d4529ca3eee044d950ac99,1,0,1,0,0
3748d0c109c76e579d33c8bbfe635c2c,1,0,0,0,0
86bf183b80f9c93d05a7cc8c31a93377,0,0,0,0,0
9b1b80e794e70b65d1f4f4b46a5a5df4,0,0,0,0,0
a7ef7efb86557e12e8432d0bc1a39f77,1,0,1,0,0
75c297f67f20c76813ea33fe65f1deb3,1,1,1,1,1
76afb73f809d1aa2269c0b339ef0cc14,1,0,1,0,0
2eec982f81074f0174352d763eec34e3,1,0,0,0,0
70de020df108df7c7a0341a17c605deb,1,0,1,0,1
f59cff20f7d3d4b8bed014ba951e69d8,1,0,0,0,0
03f5c7f94ffe5a219642b948fca62b82,1,0,1,0,0
28d17f66a486a98a0a2aaa12440236cd,0,0,0,0,0
3dbb55e32f49bd31528282099fd55428,1,0,0,0,0
93adddf2c6f6cb069de5b8b49f7302ae,1,0,1,0,0
d23a46e0a1d2a1993ab86e0140c781fa,1,0,0,0,0
0d85c529af853f39130d298b1ee373c9,1,0,1,0,0
8e76bdf6eddf2523511e4a742ce58868,0,0,0,0,0
b2b30e7a787a2d4fb878a33adf845fa6,0,0,0,0,0
ead7eb408bef985e68a2e40f2ab4e79a,0,0,0,0,0
8886fbc8763a23562c2261525a3d5e75,1,0,1,0,1
f1ae0355053943809e1ccf807f1a39ec,0,0,0,0,0
4589fba72781d225c679af0bbefe4319,0,0,0,0,0
35c13e796682c8cf6539e89606556cda,1,0,1,0,0
e9499d1b885062d49516efc0b002f649,1,0,0,0,0
f6abdfe69144e10fa13eb0ff742441d4,0,0,0,0,0
9de8b3eab278145963460c9b5919016d,0,0,0,0,0
1b54ecb28753ab488f6fee0016c8b261,1,0,1,0,0
edaadb44e8265145335a2a2e1ac411f0,0,0,0,0,0
fb18d5ed5a9b6f8280ac26e2a999d449,0,0,0,0,0
ef415e9477ad8ceda496928496488a48,1,0,1,0,1
fa3afac27f5914d3edd62c9d5d828074,1,0,0,0,0
7b6adc93281de3c2ed64e049428ae2ca,0,0,0,0,0
169423332bf3d515ef359b64195838fc,0,0,0,0,0
721339c5a2c09f5b3ec197f8ce870bc1,0,0,0,0,0
471ad699a9daecdfb1c38fac986afcfe,0,0,0,0,0
cfd3887fb8c59d1ae076b55deda70aed,1,0,1,0,0
d52e05b0c0e3feb8846398e2e3873768,0,0,0,0,0
3376111835d5d49db4a81537bd19168d,0,0,0,0,0
460af116885ca399443e83459985fc82,0,0,0,0,0
f6e66a888267138e393301308bcbbd60,1,0,1,0,0
45fb669b1ab635641635140acd6dd8a6,1,0,1,0,1
3fc267f63e227d88c69ecf4e8f752e3f,1,0,0,0,0
cb9339910ea92ac474f492ecd991f2aa,0,0,0,0,0
277e7992b3cdb8801ac15ffd30cc1640,0,0,0,0,0
e6107bed746e77b431af8aacfbb9f82c,0,0,0,0,0
7d9398db7cbde1f4b99d9b46c28c04e2,0,0,0,0,0
d8f67dc34b100014e1de4648c98058cf,0,0,0,0,0
5f54f7bbc2e5ec0978ff22c0ba89693a,0,0,0,0,0
fe7f9601483a8aa01ad6da19637b8282,1,0,1,0,0
46795f2f187931d3cbf7b6ba69911b80,1,0,1,0,0
7f9e15850e7e6bcb3e6d73d65b1c548d,0,0,0,0,0
cd528981b62ac2c4cc65583c10d765df,1,0,1,0,0
a9267ad9e15c7dfb5ae6e279c981b586,0,0,0,0,0
0ec903271ff2442095e42dfad01720c2,0,0,0,0,0
7499f564504eef6d35d3be972697a953,0,0,0,0,0
1130c166a3648cc3b8f239726108fabc,1,0,1,0,1
1a22decf0ff5c7ec47a8100833b7aeca,0,0,0,0,0
ef5cf1dea98e0f02d1fab60a4b163814,1,0,1,0,1
3623108df4eeca6d555685266566bc69,1,0,1,0,0
97bd1952d29d363f30a2a65b62d94f07,0,0,0,0,0
bbf360b1107555274b1ff0207e70594c,1,0,1,0,0
ebbdc41f28bae5be9b497e968bfaf5ae,0,0,1,0,0
591dfbcdde4720cb101726e45cd0da62,0,0,0,0,0
03476694794c62875380ba2bf1709d78,0,0,0,0,0
e852b1a7478e7bc8784e39ca73a0d110,1,0,0,0,0
e6f61221a1e445f621ee75432d1c0758,0,0,0,0,0
9fb57b4ff8de129388f6af953c5e1aa3,0,0,0,0,0
9e19e690bf926b034c11c743cf453cf2,1,1,1,1,1
27540463a50fb7c73dc15bd9df40481f,1,0,1,0,1
88663653d4bd99962bfbc6ee7a395b14,0,0,0,0,0
8858ae71726b0aa2df640b5f09cc8c93,0,0,0,0,0
3f581c752b9368624d8f188128725cab,0,0,0,0,0
30962ee2d04ecf32cb195272db0b86f1,1,0,1,0,0
919db253127f31e5f9a610bf2f9d1038,0,0,0,0,0
dcc8561044bfdaa60e06baf522ead8ee,0,0,0,0,0
e5d425c10c6068023e97b41f027bc398,1,0,1,0,0
f36a8ac89deca8a0c2497f850f819440,1,0,1,0,0
d3739b505ae1982a64cbc3d5dfce8cbb,0,0,0,0,0
8068064be689daf988e5c6ee15a9b0d6,1,1,1,1,1
488784c5122c6f02dee83150144f04aa,0,0,0,0,0
1cf59ce33169104216371eaa8ba8d3a4,1,0,1,0,0
7d0cf7b09a915dba90f29bf8220283aa,0,0,0,0,0
7d132b470f097cbb819f101840bd3878,1,0,1,0,0
4b443e6fd15dacfcb7de90c1c85464d8,1,0,1,0,0
003d81b92f95f6ca797398c376627f87,0,0,0,0,0
77c69a54cdc53a1231dffb6853916df9,0,0,0,0,0
2f4b50e9c8aa9cd50378fad501ed52de,0,0,0,0,0
52b0d3b7d8622c5fce7bd97232bd68af,1,1,1,1,1
8460d4cff43055ae933a6d8e7bf31cdf,1,0,0,0,0
825210bac6fe8e78690fb62c89fa17d0,1,0,0,0,0
f158db752a45c7a7ef415ad9bd5fc036,1,0,0,0,0
af03db9e81a95f0f1a2493cbf76f3b3e,1,0,1,0,1
5757e19f864770e5cc88a29f97aab412,1,0,1,0,1
c579b2380328841a1d8d97cc897e0118,1,0,0,0,0
ca78928990502b879af1284433d1d4c6,0,0,0,0,0
225f006b15a3963e2a78357dd66d9522,1,0,1,0,0
9d2c1da96dbe547736222dfc400f8649,1,0,1,0,1
e119e3bf1f44e55324b5923763ec1ac6,1,0,0,0,0
6c7763711ed71385b5a6cdd68ddf3857,1,0,0,0,0
7436a2662a06b7629f1d541077f39751,0,0,0,0,0
577a9c0edcb39e1542c02c0b0204eef9,1,0,1,0,0
45becaaeb3c8f07c5c125d0aa492f3e2,0,0,0,0,0
328e3678184bede3771f37f14547d4cc,0,0,0,0,0
e2b70ddf1dc5518dc4090b98535b3b9e,1,0,1,0,0
8beaebe3566aa368e89ebd3b0083ec91,1,0,1,0,0
d21908bd80daf4a5dcac1c811d1ce217,1,0,1,0,0
bfd3377e7cbd8a778d05f1faa3295b25,0,0,0,0,0
2570619c52b7b8581fd4621e2819e61f,0,0,0,0,0
5bf102fd89a805264871bc56ec8f91c5,0,0,0,0,0
a85493c03794b0df9c8124cd9b14eecb,1,0,1,0,0
e0db75b8ed9c000461c4104e873a2ec9,0,0,0,0,0
7821acbcc63cd1daf0c8c5921a7a8a5b,1,0,1,0,1
36ffc2913bd114fbafa6d5f92a754c7d,1,1,1,1,1
8c49a3adc0ece5ed8bf6b21900ed6a04,0,0,0,0,0
de182214b80fcf9017c8863bbb0fe245,0,0,0,0,0
7b51348f71928823df0a32987f3de10b,1,0,0,0,0
70138eb6dfb583e69b0f4ccf6d0f4f58,1,0,0,0,0
b7f026f78cce06c995883d9cf924196f,1,0,0,0,0
00565c97371a5599f350f57248dbe5d3,0,0,0,0,0
0476e711ab95f5ac6bb608accd0e1ba7,1,0,1,0,0
aa9fe7be025e5a964892a775984031b8,1,0,1,0,0
a81c9466a3c7ceb23045bd0ba4211881,1,0,0,0,0
f9e8a26db0b153c3cac817995e03a4ce,0,0,0,0,0
fd36d2aac489b9e3a768a738422cc24c,1,0,0,0,0
1257c4477de8160bc43d106549c44518,0,0,0,0,0
eaf4e15807339534c69f2daa1f21afdf,1,0,0,0,0
b05ed4e8d778d8360e17e798f8075b42,0,0,0,0,0
db256b4b91980ecb92351b364d79ef1a,0,0,0,0,0
4865c68964e92b09a03b504029d51358,0,0,0,0,0
212627b7cc7abdd3ee475a66443761dd,0,0,0,0,0
6b7a040759b61dde804e385d214ec62c,1,0,1,0,0
f8efa8d13d093809d6b20b038e1d3083,0,0,0,0,0
f1214bf4427c54c2d537cdb0125fab95,0,0,0,0,0
ff347ae174cf76e8ffe6890c45f1a27f,1,0,1,0,1
966b81a2bbaf556688d2abdeae96157e,1,0,1,0,0
1a08b393c855e2fee28ecade599fe755,0,0,0,0,0
aa8aa23661270c1234e1911dcf69e609,1,0,1,0,0
d47e262f868da7eb7c6ced3fe93fe0e8,1,0,0,0,0
e7f929e66a850cbdc09ce87628d60dc7,1,0,0,0,0
bfb47ae79e9b3b7a87ca55af2f91aff4,0,0,0,0,0
87077e83b0435a7c286b6c87d50aae8e,0,0,0,0,0
d0abcd46609c1efd95168476bf3ecf80,1,0,0,0,0
a199c17f4cafce40fc3130d0bd05bdea,1,0,0,0,0
e891a110e7e758b2f5401617ae875f33,0,0,0,0,0
1dd7ef12a96223234fc94221408e9ad1,0,0,0,0,0
4225ce58c2387edc76d6667c27b74e31,1,0,1,0,1
63f21da8f91c63f18b39b970c0bb3fe2,0,0,0,0,0
8ca846e49b0f603d421a242e5d573762,1,0,0,0,0
b33039da7cbb8c67caa0265f27920d4a,1,0,0,0,0
fd4160cd5c97fcbdb4c55cbf78b9d1e0,0,0,0,0,0
db401f85dd9175cb52bc86ddf25b2e1c,1,0,0,0,0
e2246d08ae492e03756bd1f1fabc6111,1,0,1,0,0
a89fe502ece218423d18d073621fadc8,1,0,0,0,0
b80898575cb6c51f0f5100f3ee097cdd,1,0,0,0,0
7075b8036b3d828403f8c906641dcb25,0,0,0,0,0
ceb7ec432466a8e4f648c576b046ea05,0,0,0,0,0
4ce785c2831d7ad180780b4729ab6f34,1,0,0,0,0
daa51e5e24a43e83630b73668fd0cc80,0,0,0,0,0
5da9ee0b5ad3b7f411df5c72de42a333,1,0,1,0,1
2798a32001bbfcddce71e8a2564cca8f,0,0,0,0,0
c9a41d749933cab4dd01f2e4ecbcb157,0,0,0,0,0
1c2cacde4c4458c2f01edff722b63788,0,0,0,0,0
844f5832eeb9be0db7f13914dc134b79,1,0,0,0,0
c48a92f191050e6af8123b0579cde279,0,0,0,0,0
d2b184408f4010ff05c29065ae0baf4a,0,0,0,0,0
45e17bf153aa04e6c2dbc14098a994d8,0,0,0,0,0
e4eb968011a5d603e21f400c10ea2bbe,1,0,0,0,0
9bebd4f6750f27362198b739e14a72de,1,0,0,0,0
afdbb022f14d2adb5e7ea44af292966c,0,0,0,0,0
a3ffcc9ee77356a7729570cfac2f70ca,1,1,1,0,1
df67106b576b53d6e70840ea1e6eb3ae,0,0,0,0,0
50a352e34ef3a083653754a1cd4d6359,0,0,0,0,0
f86b2504de8aa9b7224edd4e974b1ac8,1,0,1,0,0
23ec49747ce08b950e15644b93e1bb51,1,0,1,0,1
0cd32cf08cf871170db3af24ff88f9c1,1,0,0,0,0
09754a8b0c3735a84e14b9fce56a2126,1,0,1,0,0
8922a456c870fadd9581afedd97a878c,0,0,0,0,0
5e965d09ee490f41ca57b8d22510e651,0,0,0,0,0
ce83304edfd37fa9a82f450143c8a89c,1,0,0,0,0
85e2fca8e820cc22b8c7dde6168e1e02,1,0,0,0,0
7e9eee0f1ed3f5b6bde66924cdee2840,1,0,0,0,0
4ce696c278145dbf7fe54c1617b78808,1,1,1,0,0
e5a94a55c618f707bd53c13e4dac0d76,1,0,1,0,1
9782ab40950412dde5e4efadc32ba039,1,0,0,0,0
0257db26bb942fc8e3cc45c91bd675b0,1,1,1,1,0
c200de86b168ad1185e326f308119638,0,0,0,0,0
9200e7387b3a496ae3de57b057ff870c,1,0,0,0,0
6b7a21a8deaab3347a4b20f51ac5d36e,0,0,0,0,0
d12585d535f1fad0d6fd1b314362eac0,1,0,1,0,1
6854c2d7dfc08de502873f774d6ef777,1,0,1,0,1
020652a59f24a4eaa13baa2e662368b1,1,0,0,0,0
a9528cbd88d9e5740fce33152df3e368,1,0,1,0,1
04d1ebfa5a291f4afbefb2b9ecf4592d,1,0,1,0,1
49b7dd6d02dfe66d8d563860c3cdfdf0,1,1,1,0,0
6502d9ba72e25ab382c4f9c21f22a952,0,0,0,0,0
2bebc8bfca0098a0106a230eae7bbd2e,0,0,0,0,0
cf2160f8656fcb37f44541cc69285a64,0,0,0,0,0
3fb7ba811a9c972ce34930722a2d5823,1,0,0,0,0
e466ef34a72013c0980985d620f0b387,0,0,0,0,0
e537f4dfd696577c22d8feff84c725c3,0,0,0,0,0
26897d2c85ac7e7a60218e2f73b410b9,0,0,0,0,0
89f78fdcb53636f4ba470fe01054b898,1,0,1,0,0
42053faedec6e2e009cdaf56ba87b3e8,0,0,0,0,0
bc0e0fbb13bbdce05fd89ba1608bc14b,0,0,0,0,0
24d77102dd47a7b9911fee0341e2a908,1,0,1,0,0
8d992278e83d9ea55327b026a5296de3,0,0,0,0,0
86c26b0a3100931a98752557d6725371,1,0,1,0,1
817b06189aed3a85b58ef09d8245a911,1,0,1,0,1
98889ed81d37281da4f7bc165b59f46a,0,0,0,0,0
6607ebf97f32108625b6ee58e61ffa52,1,0,0,0,0
b2f617fc62a28694b7c1dc4cdd4866f0,0,0,0,0,0
dafee5f0565452dd3379131f2bc88f81,1,0,0,0,0
673020bcd0c93060c62023c070367f9c,0,0,0,0,0
2e8c641f09d2f10851595234123aecec,0,0,0,0,0
01df35e5c7f38e273325ee06570eb270,0,0,0,0,0
66e71100e4d67eaa7ef7ecfda5677d4f,0,0,0,0,0
67fc623f91e7d05461ccb2dd46b59bc3,1,0,1,0,0
2d0df7f07b59670fd2aba919025e7b01,1,0,1,0,0
9fc0d73574d132b1a866ab3aa3ebd747,1,0,1,0,0
71873a51242a85fb7e328286e297b72a,0,0,0,0,0
cce7570174635abe91f7148dee4f1346,1,0,0,0,0
5a14fc38764915680208e5c085a9b92f,0,0,0,0,0
533cdbaf5b2545b2c25d3c25cbca451f,1,0,1,0,0
d5c53f17840583845bd314a4fd4ea39e,0,0,0,0,0
2d5e1beba83354759523e58b9ea7f23c,1,0,1,0,0
54845f0956c789ecacfce2b4fa02a36c,1,0,1,0,0
70ab88a27165aac80d35a8eae83a012f,1,0,1,0,1
19d79c8df566b7b303986b1c03596776,0,0,0,0,0
9a07e846a05f3d62c8219d2459225d86,1,0,0,0,0
1745dd39b01e352eb417e5fe7b2106a5,1,0,1,0,1
04963ad84620e20c414b520cf5182551,0,0,0,0,0
80c0adf4ba60726b83f958ed29606e0b,0,0,0,0,0
bd39a4d72090050f3b5cb471bfc9f4fc,0,0,0,0,0
77978e65a5077c7e66b46b6a4a10715f,0,0,0,0,0
787c9c9590c091f8abc978d7ca79ced4,1,0,0,0,0
75f06d963b04d3f47ee64027b2924398,1,0,1,0,0
afe48dd170a64d4fc3d62ceacfaa0dda,1,0,0,0,0
5213a207f5ba2fb103e69c6ac17fccaa,1,1,1,0,0
c278d6159a30a6b64f16ee68f4252223,0,0,0,0,0
2da8238914a4d16872206776c69c6921,0,0,0,0,0
9649bcfc449229cc390c1ba70d58c43a,1,1,1,1,1
d14c8eb25fcd0ecb6376b8ae24e00c85,0,0,0,0,0
0a57619f76cb6f2d172e7dddd74d95ba,1,0,1,0,0
8b34656c4ea4437ac2724279a4aeabe0,1,0,0,0,0
faa92777b66eb045ea2b04b5ddc17bd2,1,0,0,0,0
b0d8a003fe83e528ea9496f13686d10c,1,0,1,0,0
52ae60e3fbfdcc71fe60578685f51875,1,0,1,0,1
9ff05003b47baf63b5f0239543204b56,0,0,0,0,0
71d50fc1400a9acf63c1455db25e4f7c,1,0,1,0,0
cf310079fcbb799be51f06e91f65b2e7,1,0,1,0,1
5957e7c6df8fc3ff0f224aeb960e1283,0,0,0,0,0
0a0615232b8e38f9044fdee4ab98d03c,1,0,1,0,0
188f1052db1b368b59ef0856002494ac,1,0,1,0,0
86581118c519c9e03cf0b45f23393390,1,0,0,0,0
24656b3e0dcce6cd0c0046e0af3da551,1,0,0,0,0
e66f89f1d6dc540858d17a544eae0e8f,1,0,1,0,0
dd75100fe7ad08004bae1977ca925a16,0,0,0,0,0
90a2a193a23e4bd23e5e5bd8f724517f,1,0,1,0,1
6a0c163ad5aabac41feff44736a469da,1,0,1,0,1
9164be6cf51f74476dbed272d56bab1f,1,0,0,0,0
c22d845c397488b6f32b722d27af9eaa,1,0,1,0,0
992b9219af8a8ce5f6a3ba65f36a7c94,0,0,0,0,0
89485d4f11ab761b3cc496b9cd36f7be,0,0,0,0,0
195790e1e8b1cbf0de793d2b360fa7ef,0,0,0,0,0
0d15828f8fe69d25373d6a3606b19213,1,0,1,0,0
c6cb3bbe077b10e71ff6a485bffb856d,1,0,1,0,0
1473b286322eb2362e304e72f77f3c3f,0,0,0,0,0
ef7074eca6a684cb0d3e43898171f97a,1,0,0,0,0
380bd1ec6e976d1e7796d44d34ab4728,0,0,0,0,0
d45c04a5fe97e1eba854d5768188396e,0,0,0,0,0
d33c2974c128685418d59e4248ef201b,1,0,0,0,0
72f2ce2b49a6934c60709801154f9e11,0,0,0,0,0
997895ee4450446b590d0f386a517538,0,0,0,0,0
b2a92c981e1d8f2d0a8d54feb3b9ab71,0,0,0,0,0
ede8306710e14b68ac6a86da2bb474a2,0,0,0,0,0
7828ab60a9b9685e9ea31d65c0f1b87f,0,0,0,0,0
46927cce1a4e36a0f4190cb0bef29e4f,1,0,1,0,0
4f3de3bd0c70ade10ce4790ddb388f8c,0,0,0,0,0
520f96f7a0c223c0b02ff18b0bc7c4ef,0,0,0,0,0
76e8177956c2f99e71a45041eb434d67,0,0,0,0,0
61034785b7a70776091e10ce1be2ee29,1,0,1,0,0
5d5731a88ef69be0e7f742ea8ba825e3,1,0,0,0,0
730a81f459491ffc11c2f6ebdafb2b8a,1,0,1,0,1
b486f211b502a532a0b5769d8a4e3a5d,0,0,0,0,0
495b07bd8623738342f2fd364e5d30df,1,0,1,0,0
e65f081fa5510aadf303c6770443f24e,0,0,0,0,0
605426d06a782131b4757940f7e6177f,1,0,1,0,0
f888bf302aaf8a260e144616d2592021,1,0,1,0,1
f90acd293d0ce78d309b41268cd83486,1,0,1,0,1
ca98c2da71b0f2ee1ec272b14e727f1b,1,0,0,0,0
df1a4a66c5711c66fd9dec87216c8930,1,0,0,0,0
d67924a8c1d92f0263033f5cd77defd4,1,0,0,0,0
918e783188effaf2ac41e728b8e8d6b5,0,0,0,0,0
634a1650ad4b08b0132e02cf539b179d,1,0,1,0,1
3775407f8ca2964b6f957f7b04085abf,0,0,0,0,0
36cd799d8576fd800c647f682b3b33f9,1,0,0,0,0
8eeb87849ccd9c85d4776fb36c5365c1,1,0,1,0,0
2e8604884d3586dc6d0c12df80fa295b,1,0,0,0,0
c37b3a47daaaee2522c829259fc4fe6d,1,0,1,0,1
87c7e74724f396f8f761ba5c709cfb50,0,0,0,0,0
8cef65dc38e329ccc17a8de7ebb895ce,1,0,0,0,0
c2d5c2ff019dbfb4f28d5b9f49149819,0,0,0,0,0
0924d20781159c389e446f25933568e9,0,0,0,0,0
63d5cbb98cca2190b3db6eb0add0c002,1,0,0,0,0
44c2115cb0eee1cd3609419d81419ff3,0,0,0,0,0
63089445e17f5b178987a699edd27b80,0,0,0,0,0
11479b2c85721360ed8ee41f1019b011,0,0,0,0,0
a36b052763df0b6fa2af5ba1479e340f,1,0,1,0,1
d5117165e239c02951a92d97814e0b5b,1,0,0,0,0
0d4ea64b2800ec2c2bf74111d451fcba,0,0,0,0,0
3eecb6eb6e3690b2fb344b7672a86cb3,1,0,1,0,1
75793e4fb249f507ce432214695c6eb5,1,0,1,0,0
d89060a9af44f2e594257aeb3df005f1,1,0,0,0,0
aa4d19ac8d16253cc5155c6c49b74cf4,0,0,0,0,0
a5976c260d8cc3520a93d01a8903ecc6,0,0,0,0,0
cdfb8d70536fe05e4a8f2adc71a7227a,1,0,1,0,0
0a924541f381fcad60babff95a568448,1,0,1,0,0
d2c841254fdb38adc30da65b9fbf6bc4,1,0,1,0,0
3c61e6379e8353394b43ab9488b3041a,1,0,0,0,0
326eff3bb7f8a7160d824b6951ad0690,0,0,0,0,0
20eae4b8cb63647c6957b8289a3631b9,1,0,0,0,0
baa482a9c4d568bb777d36de2c0e6b8a,0,0,0,0,0
266db36d0117c07c6af01bcfa69bed02,1,1,1,1,1
462477c4debd83f68dfdcf2fbe7814b2,0,0,0,0,0
bf6b279e42992017f902704b3a9bb91c,1,0,1,0,0
8e61d7c30c825ee024851bdea2c316a7,0,0,0,0,0
dc5bf8bdcd8b1801d26758de8fe2a3a7,1,0,1,0,0
b24927b4f4d402b7906e1268c2b57143,0,0,0,0,0
33daef01ca3f65f2bc342e679ad0c1f8,1,0,1,0,0
ff2a87edcaaa04e1999238ceb368028c,0,0,0,0,0
c2746f3b99d5db9c54b2494c5f9dd09d,1,1,1,1,1
4b33c8b514bdc39994755cf474a7ef2e,0,0,0,0,0
d62f43a6fed12600967b07c5d40ee756,1,0,1,0,0
b8ce77748cbe4e91ff873a056d2db4da,0,0,0,0,0
1b3603be199b18773bc0d076a667b433,1,0,1,0,0
103dc29566fdc9f4ba65f6201a739ce5,1,0,1,0,0
d4aadfd9ef71e1009e48f32879a3a095,1,0,1,0,1
0d941d622310369a8f30f5a3444c6694,1,0,0,0,0
52ac8744fd7e2f69f6c9d7a51193f3b6,1,0,0,0,0
ea91d3edf4c826f63e3b09c351250ba9,0,0,0,0,0
d24545a53c1199ff068ac06a8ab355ec,0,0,0,0,0
d8ee6cb6d2db2ac78e451f89529973ee,1,0,1,0,0
a53223bba82d7a61e1a537ee1bc7d1cf,1,0,1,0,1
91cdda68e0eda51a11e3b0a031ca3fd7,1,0,1,0,1
b501fb89b8cdf683d7673f3cc7eeec69,0,0,0,0,0
0f98acf696487c048caa85e37834049b,1,0,1,0,1
bfbb75502f4fa8ae539afa00b8be617f,1,0,0,0,0
1bef0e81bed3e0113732a6a8bbe4c2f0,1,0,1,0,0
4e8451cebad87ad31ed93b3482aec4ff,0,0,1,0,0
bbff8ffc72cf867ede086dfc178163f7,1,0,1,0,0
f128aee5b24cf427b6a8adf12eddaa4f,0,0,0,0,0
7d8a3c2f3b6362596bb834548505d497,1,0,1,0,0
1e13067cfa1ac89d8257c58e074052b8,1,0,1,0,0
89ace17bc9d1950236f88b36e970cbaa,1,1,1,0,1
a0b260622b7d1d1b2eda6a7239b6d475,0,0,0,0,0
ca18917f8b49f0ced08d9af19374f933,0,0,0,0,0
44c5ddb7b2c8aba562a2f82de694ec4b,1,0,1,0,0
20b37c4c1aafe23c4bc6eb904bd69448,1,0,0,0,0
71ce94b3ab12adfe48287286d7afdda0,1,0,1,0,1
41df7fbf7853f1fa0f528f28953fe977,1,0,1,0,1
b92bd98e16df27628c9692f28d5e1064,1,0,0,0,0
e91602c17a26e9efb06cb52c8c5d124c,0,0,0,0,0
fec4b1219804c0af798a9d7bb37f4352,1,0,1,0,1
2273c05d5b6630b2247824fef7f2ea25,1,0,0,0,0
83596f2df933363e7febd74a41e1ecd3,1,0,1,0,1
8b88c3ea64bc9365aa226820daee670e,1,0,1,0,0
ed2d3a791a6d36df12b8d23b2f5d4167,1,0,0,0,0
38ba5a3f903241d3698ea9ae3c7d1697,1,0,1,0,1
d25f596d32f657789b959bd00cfe6347,0,0,0,0,0
703797b7d6c57bef028cb6fdc2b804e4,1,0,0,0,0
1fd40f89bfefd85cf963c3f5c482f41a,1,0,1,0,1
daf4e7edc10674feae067708a790b984,1,0,1,0,1
52931ca14c7494ed4033106699555428,0,0,0,0,0
e53213b003fbcf08cce97da1a17b5f76,1,0,1,0,0
0fdee8ef5a8cc6e0502f5213975a04ca,1,0,0,0,0
c557135abab5c9eb99bf3ef7c82f45de,1,1,1,1,1
b9dd9da7b802a4ce3a91b5508bd00a8c,0,0,0,0,0
b081b37e642d5502d3b4d8aca13f3785,0,0,0,0,0
a144c403c0264ae3d1cf6a200706e48e,0,0,0,0,0
c40d034ce344dd743165859015ee2bc8,0,0,0,0,0
6979fc1835ca8a7b69b30246e7bc7ee6,1,0,1,0,0
1f8fd80be882fc0991835953ea10a9a1,1,0,0,0,0
1c1a1a0bfa61bea7f5084afd7b34f96a,1,0,1,0,0
4b934b55808a345cedf2d64ba0bc7756,0,0,0,0,0
15439671406e8f10234a26be2ca1d300,1,0,1,0,1
9507fc4d17d0f1b9d82d3e50814af5f3,1,0,1,0,0
3004a26635bf41996a55669d5a4660c3,0,0,0,0,0
653984b502f3774885b8358a77cb2382,1,0,1,0,0
74f51e30445ff515f56447b79e9664ce,0,0,0,0,0
ff9ae74672059bbcf3be5083ff3b782b,1,0,0,0,0
8c442a1dc76f7fa8621ef2300789c9b3,0,0,0,0,0
90477caf4bc8565e3b58d329de4dc743,1,0,0,0,0
f41581d3f87e524dc5cf6da1fb88d42c,0,0,0,0,0
82223acc397de842c2fe5cc68542a8e6,0,0,0,0,0
9b7f53e3ff9fc31366b7fdd4c1b1003e,0,0,0,0,0
7ebb7dfbcc7509373e46e062e5bde511,0,0,0,0,0
c7610acf2d420228257b33ef780cd031,1,0,0,0,0
d05160c5fa4607c54a4a7bd8b68fe94e,0,0,0,0,0
c488cb3d9367c19d7850c63a7124f90c,0,0,0,0,0
b23791150ca635fe36bb7222ed7b70a6,1,0,1,0,1
ea9e9ac3d7785f34dc20f5e153a23011,1,0,0,0,0
affdf2cec8cab454e15cc3deed96843b,0,0,0,0,0
f25d64aa980d91eea6e7cceb30010176,0,0,0,0,0
dafe875c907daf1c319217c5a7eadca5,1,0,1,0,0
3159bc571927d4566f00422b252ef57b,1,0,1,0,0
036757dd587d7e2f59a87190fa98dd0e,1,0,0,0,0
cdb0e23a2f677f6123c088c1696a379f,1,0,0,0,0
62e61118fde4d9f1779ae49ea6a9c1cb,0,0,0,0,0
76305e4207d369be95c17f9fe221e9a7,1,0,1,0,0
0afef38a29c7752699df07a8149239c7,0,0,0,0,0
e604e1532ce57a415927c5eddb8540a6,1,1,1,0,1
602bc0e682f4a96ef6a2e3c6e7b93b66,1,1,1,1,1
dca7bdce60deae01113a5faa85fd3472,1,0,1,0,0
7a47bc6ec8300173a6f14042be47c194,1,0,1,0,1
9aa05e4c89968a1bd32fa1025f05a104,0,0,0,0,0
acaa08593370e16ee632fc0c817fb447,0,0,0,0,0
eaef9160d01e4af34aace866d458d953,0,0,0,0,0
d6705e3bf262e1136d9ce20490568970,0,0,0,0,0
f294c035791310c965cd75fdcf1e817d,0,0,0,0,0
636c47477d3fc1d0005f8184f2612aac,0,0,0,0,0
8acdb4f6ab5a9103a0d1e6587ceb8e60,1,0,0,0,0
d4e3082e14ee81d54420924c2b2c90fb,1,0,1,0,1
6f1ceec33baf65f06e9b24c013ede68d,0,0,0,0,0
54cffc384c15006f4b933540cb021f45,0,0,0,0,0
bae2c54b4442c7ff8540819c44d3ffcf,1,0,0,0,0
be887f74a15130260ca961deca30656c,1,0,0,0,0
4e2bfaaf4513b057ed29956f7fdbd5d0,1,0,0,0,0
da0db067ca9850ba82ac7cdf260a33b7,1,0,0,0,0
4dbb5c7a6902302cd5e4eb1d57f7c1b4,0,0,0,0,0
5b11f3b58b2d30f5a5c02d73e2843933,1,0,1,0,0
1e38789a399702d3f26414ded0fa2ac9,0,0,0,0,0
9445f6e4ce9afce62edaf823d7ce2889,0,0,0,0,0
e2bbb26a81f7a5cf83fcde35bd149494,1,1,1,1,1
4bdcb34971427a0cb9537a7c6b97b0a4,1,0,0,0,0
7a4b0713019493c012af6feb48d8d4df,1,0,1,0,1
1a3de65b910c1e0242b429dbddb9e941,1,0,1,0,1
5b65a0d569dd158b603d787f27a506ee,1,1,1,0,1
255c882808a80b07a65054fb61e8286e,1,0,0,0,0
f9b71b655e6c290fa38f81b4a854adff,0,0,0,0,0
86e0ed36b662c371845b39db3bb10e6a,0,0,0,0,0
b8a596253d2806997eaf2b7e06ead949,1,0,1,0,1
617bbfb824ed780d2047c1d8d5bc44be,1,0,1,0,0
a119e01899ee16bce6d56e9ab36ae71a,0,0,0,0,0
7306a9855cec7d00bd771da2f422aa1b,0,0,0,0,0
616f0fd7c6b5d9f10f40dd705c346390,1,0,1,0,1
1e94ad127a93143cb3cc81709d265129,1,0,0,0,0
4d38b9cda8b24449580439eb1776b1a6,1,0,0,0,0
48663188ab359f462bcb12ddb5a5c15f,1,0,0,0,0
283f30100faa3de4d4a5142058a16c00,1,0,1,0,0
0add90c5f6c2f5a07d78e5ae224840f4,1,0,1,0,0
16c6a5ac3452879fab3dd29437ab1daa,1,0,1,0,0
fc4cde8fd8eade3d38817503d6e75b11,0,0,0,0,0
0166888ef917ca839a88109e71a7dfd1,0,0,0,0,0
b7317e21b3b246bb3a7f45065bb744a7,1,0,1,0,0
e4a47b84941ec3c1c5235ac9c5048777,1,0,1,0,0
e64206559d8aabc03bbd9a2bd86bc68e,1,0,1,0,0
aa95507fa5cd29c121546024ed136b30,1,0,1,0,1
f180d8c42da71933e9b054877328884b,0,0,0,0,0
116d5a39d6a0c5d0f1f69cf53dbf0d57,0,0,0,0,0
28a727d9d29adce0a02c1d8f7e0f0e32,1,0,1,0,0
e52b97095f0225b8a711ba38ea32f7f2,0,0,0,0,0
96f9512560cbedba0414058d17b108d4,0,0,0,0,0
40c0c1e1ddeb0df671b978700f0c58b0,0,0,0,0,0
87ec8e35ea495a102b1d9796bd3be798,1,0,1,0,0
bb2c4914718b8e2fe6a2d56bf0275c87,1,0,0,0,0
cf2dcf8f97a0b8bc2ed03cb9f606b24f,0,0,0,0,0
b8daa290e0287b4d9be42aeab576f790,1,0,1,0,0
a6f47a8faf597a2fd1524d22e514e776,0,0,0,0,0
4d7db1e04dad6cc923175ba4ee0da898,0,0,0,0,0
8bef082004b8ad2f54f1e2adca6d8213,0,0,0,0,0
ba4ed095bd5e8718e78e0d476dc6e752,0,0,0,0,0
6783e5e58b8f2456f7ab8454d9d679ee,0,0,0,0,0
a2d11b3d849bea6e583c15744e12bbae,1,0,0,0,0
5f0f88a11c1f05cef355e83a656466f7,1,0,1,0,1
426bc4ddc036c51dbe883e27b0640823,1,0,0,0,0
359b97d96fedd314e183696b08e4a24d,1,0,1,0,1
7b2ae854a9ca916c29ec12ec65d094dc,0,0,0,0,0
c4392d0f8c4252c496515b7fc1a71b68,1,0,0,0,0
f82c8831289e2f4cc2334fe00dc3cd91,1,0,1,0,0
2c9160afbe59bb3f9a37006382080074,1,1,1,0,1
2ffd067d36e51bf07ea034e95e99fb0c,1,0,1,0,0
9293155b22d2924c067dfbdc1122841f,1,0,0,0,0
26b53454c3be05586ff45000d9fd693c,0,0,0,0,0
183b78bcb14ccb89144626472ee32ba2,0,0,0,0,0
382a26f36c419c8dcad7bab94b781144,0,0,0,0,0
10b01902f1894c7ddcfb6467c5ed55fe,1,0,1,0,0
5fc55384846977aa14837ee55177f6fe,1,0,1,0,1
6f4af934cb849b2182f1b87c52612e14,0,0,0,0,0
d3aa9f4149bdab8090861b01cd90435f,0,0,0,0,0
40d63973caf47829a57b957588c0364e,1,0,0,0,0
f2e0f27a08927616d47e08f02ae46c7a,1,0,0,0,0
5c4a91e7a63d241fa3aa9757d40a290a,1,0,1,0,0
e72311a2c3fd615504ce5cc2eaf0d8e7,0,0,0,0,0
0bfb9281f364cc46b4d076dce394de61,1,0,1,0,1
05078a9ba05c57e8655e91d43860ce92,0,0,0,0,0
d065bb1a0098b65cf604e05a45d4641c,0,0,0,0,0
e1d5deaae25c59ccf8a0d528fb1e8519,1,0,1,0,0
5e9e28b6e9f35bd9bdba1bdab107f54c,1,0,1,0,0
b535773cfd6b50a3496f17cb9b38e531,1,0,1,0,0
9286585e2d9fddc818fc6bee765053e7,1,0,0,0,0
74ec02699a59b22f60533db186c8d406,0,0,0,0,0
24912d1a69b87962a4fc289d88cb5f54,1,0,0,0,0
d7ea0ff075247d6b8a6788748ed03f80,0,0,0,0,0
9871958f6d5c08af2baa2f3747d3e8e2,0,0,0,0,0
56bbfc4276f86ac0746c1cd9e113a57c,0,0,0,0,0
30c2c94935eb872b85f32c78920b317e,0,0,0,0,0
43a7b985502d9aba7a550400a963e544,1,0,1,0,0
72fb9b5aa1d8155cdcbd6d89183afaec,0,0,0,0,0
cd8683f6fe6283e500e8c064a6caa6fd,1,0,0,0,0
27fff4370a8e422de629da9e639a91e3,0,0,0,0,0
8df6acf5b9000bf279cb95a5167c4bae,1,0,1,0,0
91fff4f11477fa62eb9e1b0bc797af4f,1,1,1,0,1
27ed5ea32cff86c00c3cf70429971e12,1,0,0,0,0
71c75dea0053ac29075df1d0d9445f4d,0,0,0,0,0
f66f64a4b667889b48249bcf072eb87b,0,0,0,0,0
1e5ef57e9e104ec469afaf1a77e82fe5,1,0,0,0,0
b6a49563e397df46ac103836fd6cbaf0,1,0,1,0,0
8447886ccdc3c0f63aeef29c686d1d61,1,0,1,0,0
07bbab589efdd81795b55d34e5d79dc6,1,0,0,0,0
bde162b85e4d32671b51f4d0baefacc6,0,0,0,0,0
eb19cfe541a8824dbecd111dfffce1a2,0,0,0,0,0
ae6819b71158d29796af253c6c7161cb,1,0,0,0,0
ea836a2428e4e243c031b266cf847713,1,0,1,0,0
59bc3b8fba77979db363d723015f8b2f,0,0,0,0,0
07992fdf5ba12f82fd31a6fe8e26cbe6,1,0,1,0,0
3260e7821d4a800134eac0d587682f69,1,1,1,1,0
60040c731b73f0dbd62b46abc3efc270,1,0,1,0,0
2e24e815353712ab3e9e7607bdc01c56,1,0,1,0,0
7c3c96c0bfa5e30ce62ee9f4bf41d468,1,0,1,0,0
34916ffddbc88f43a5d2a2fcb860aecf,0,0,0,0,0
1fe3661fb37443d894c0f62eb4134db2,1,0,0,0,0
5bbe23686fafebd40b780826bc4ee90f,1,1,1,0,1
b00f118f125c9f4ff43db9b33aa6171e,1,0,1,0,1
c36be3af93652f5dbea8bdf22289e702,1,0,0,0,0
e03f2d7dab800f4717755800cb6c5798,0,0,0,0,0
dbc36e3a6cbf2763b777cd6cbf0346fd,0,0,0,0,0
d971f02fb999ee61a8e9c81a5a48f173,0,0,0,0,0
ef107167096ff3684744b0d06692199f,1,0,1,0,0
d5647b0b6a86e2f6c7b11b53270488af,0,0,0,0,0
91cef87a898184f406b185e33ea8edec,0,0,0,0,0
8744eefdbca524c40f003db75ef09c63,1,0,1,0,0
fb8903d501053a5bda28ffdb369b12da,0,0,0,0,0
1390fce8dbe5a31e600798dc87f37bd3,1,0,0,0,0
a45f08c38ae9cee85db7a7f09b2ce6e8,1,0,1,0,0
16537bbefa0d4d7d507506b16bc83f35,0,0,0,0,0
1b0591e0b665a4a9ac6bd2838dfd3070,1,0,1,0,0
a8d869dec1fd8a14b006ad846a2f506b,1,0,1,0,0
4b7b03eec7aee8998ddb4d8abc2eb96b,1,1,1,1,1
ef70f82d44630541fc593772cdebec71,0,0,0,0,0
e450fe62451bff07bcde4ece8435a15a,0,0,0,0,0
2b8108524d9d3ab333d0a23c3effd39b,0,0,0,0,0
b14ca5c7b29e95092dd731f097055cca,0,0,0,0,0
f0f377fa4d1f519e426e4c8bb7a7eea4,0,0,0,0,0
896f222115e47657ceaf1ed29006f055,1,0,0,0,0
3a85e206eab979e08b73f77757fdd863,0,0,0,0,0
017b1ad1935a65d41a18b628a92dbdc9,0,0,0,0,0
42901e485ca83829a379c3a465e1833b,1,0,0,0,0
6d1b87a494854ab882c70ecf7824e119,1,1,1,1,1
20b2781ba16ab36c05eda11cf99b0d5f,1,0,0,0,0
c60345156d8c129397b48f99380bfed5,0,0,0,0,0
ea3ae0482f9603d743841a727a251254,0,0,0,0,0
7cc1c643802e5c172cf3ac68cb0569fc,1,0,1,0,0
e5c3c00eab5995b200c7b1e9db879e46,1,0,0,0,0
3b7840a76b128c4ece989ad86e0e23ef,1,0,1,0,0
989c1724d847aecfdaa231d8f68df177,1,0,1,0,0
0fb65d9a16ecb6c1ad6d50dede0c6f66,1,0,1,0,0
7adf59b6c126fe815273bd11ff72357b,1,0,0,0,0
91a87a2cad9fbd442068cc77f8761c6e,0,0,0,0,0
5b589ba13aff7c0c063ceb9b11517abb,0,0,0,0,0
c28af0b0fcd11df068bacae34e0c73b3,0,0,0,0,0
912a2e97a1205bb14a2981a8f29c3f48,1,0,1,0,0
2921293e3765fbf7883212be69c8a333,0,0,0,0,0
4e89b550fc0a233c35da243405e214b7,1,0,1,0,1
4b44094548f37e1030737d18ab0a58c8,0,0,0,0,0
2e1ddadfdfd2dcfb8caed671abca1c1f,0,0,0,0,0
99446684db07854635fbb8a74cc2fcd0,1,0,0,0,0
e8f5efbab1d75c2fec5c2124b01897a6,0,0,0,0,0
397cbc75f289ee12af58a2cd4cc13010,1,0,1,0,0
85eed0685f6cf469d00da9d7005c2b74,0,0,0,0,0
a9eb2185da0a8f24c322f2fda5536b18,0,0,0,0,0
166da007ed68292861eb621da8a53da0,1,0,0,0,0
2c426b32a261bfe4a36f0c6195161c7b,0,0,0,0,0
14d9f612e96865d21319a451ea3a2591,0,0,0,0,0
55e30aed3c710d0ff2c05de32900c8d3,0,0,0,0,0
a7aed3b37b4a0f7de73f5293dc27ddf1,1,0,1,0,0
e28e2d0b5079dad2fc4a635ba4f4ac6c,1,0,1,0,0
b936fc6476fdadcfaf36614a4bb4d347,0,0,0,0,0
a8e1741ce04c86ab10d5d3a38eb801fa,1,0,1,0,0
02fd7c309138f99e10ff940c73298b20,0,0,0,0,0
7ca83e05c57ef94fef26d8a685216a35,0,0,0,0,0
0841a64a51ad5bb73effb0ca423dbd00,1,0,1,0,0
4b7ed5993fcdef93cc94d4cdb6965be3,0,0,0,0,0
ffab7ef6488611581fe79941c705463e,1,0,1,0,0
ed5c23486e469c03caa1d5a481810031,0,0,0,0,0
55088e8aebd4c4dea2075bf9d7a05536,0,0,0,0,0
d67b993d7e558becd7835dc956c3b39a,0,0,0,0,0
11eb1c3ac565ce19ba8ee082419b6239,0,0,0,0,0
78014b9ae0f656f23cc7b8b8b227fe26,1,0,1,0,0
c3ae0f01b634a1d6eb2d5a3f12efb3ef,0,0,0,0,0
9cb53957e2b6adad19506ca35038ef2e,1,0,0,0,0
158c4359113bf33697685a7ed001063b,0,0,0,0,0
a381a13673fdc51ffa8d96d43e019e2a,1,0,1,0,0
2b64f5a271e21519b28ce205ed1f66a2,1,0,0,0,0
d58b0bc4f8efffd3da7cbe3ed9476467,1,0,1,0,0
acf9d09afc828a89c988503474d4ebbd,0,0,0,0,0
de97ed586d509f135d6751e20f9a8b13,1,0,0,0,0
11188f5dfc846449229f86a0a4f20d73,1,0,1,0,0
8cd52b8a7fc928884bee9909dcad7065,0,0,0,0,0
c18f78a5ed4f5ea751ef4ebdb5b56ef1,0,0,0,0,0
169ea87c90c198c9d634a39a99ac3bd0,1,0,1,0,0
52676577be096a9be6e9cd2606a49b64,1,0,0,0,0
3c9d91e3b5b57fbe464e95f9387e67a4,0,0,0,0,0
3c579f1b5e65ec9998c1ac4780972be4,0,0,0,0,0
ee1d584071b558fb74d20a07df09cfec,1,0,1,0,0
9319a63be92b98dcae28903a9f1e4326,0,0,0,0,0
85a0b13ff24819190c1d2b5226ae8e23,1,0,1,0,1
ef204481d01b91cd46a7e2e779b4ef8c,1,0,0,0,0
0b7b9503be6ae75a1752d5a404e33c73,1,0,1,0,0
34810c70433149ac6cb5b6bb17b8eee4,1,0,0,0,0
8bbd068ba392f980a96e671e39fea2dd,1,0,0,0,0
261e07c3e536bb90b856264e418d50ee,1,0,0,0,0
c3977f68af0222f76124ec45a0a4d2f8,1,0,0,0,0
22863885f1cd8ea70ccf3233fe53ac3b,0,0,0,0,0
4eb1b40a358698d61aa57724e8ff5d5c,1,0,1,0,1
50f131a2993d588dfb6cf946dddd4071,0,0,0,0,0
070197f0794d11238248360d0157d2f8,1,0,1,0,0
fa532e530bc33dadd2dccf7970d624f9,1,0,1,0,0
c2b78defd8e3c1146e29bf7aa4d5591e,0,0,0,0,0
fa964176e395b75f264fa529e5c4575f,0,0,0,0,0
fbbec0b25207eeabc081a0ca0ed25eda,0,0,0,0,0
ee6359c025ab171fec2dd2e4961cff86,0,0,0,0,0
37c308445fadfdde92f8239a6eaff17b,0,0,0,0,0
e5ee7f5b2df106cbb65d6a95fabaa1f1,1,0,0,0,0
714f1521f95d2651c661ac677d4d7895,1,0,1,0,0
b78a39906f4edd1a8a2452817e849f2d,0,0,0,0,0
c2a3c2688d9aedd5bc5a340e2c7eb8d2,1,0,1,0,0
4176c3b54a4cc5b2437a1934d03d7184,0,0,0,0,0
2e17a3ebccc79ece2c30dd41191c0695,1,0,1,0,0
4d6e0da0f078ba8c17587457ebd5dcff,1,0,0,0,0
2acba648d41559c03f2388d8d0dda186,1,0,1,0,0
d0490b80e3d23eeb51c4095d17110489,1,0,1,0,0
b55714e93810fac3929acf74ae33312c,0,0,0,0,0
a4bae73d219778ee7e158705545ad7d2,0,0,0,0,0
981ee94cc3936b1e41650685dd1755f5,1,0,1,0,0
29f7a1ecdbc2e91fa11a8c9e945234d2,1,0,1,0,0
79651ab1137af9b25175bf12b13a650b,1,0,1,0,0
15df5e5d0132cbe2c768c9a14c4adf22,1,0,1,0,0
d8988addcb89103632d5c6e6ca642df4,1,0,0,0,0
f625fe9b07fc9d9969d6e0e0e8bdd460,1,1,1,0,0
55f55dd38b90cb5bd587e6e535e0dbce,0,0,0,0,0
e18bbb97152d08e17a5482e872df0003,0,0,0,0,0
37a3d37bd754f69342c0b6c81079ee1a,0,0,0,0,0
15b5b11004a6a337aef0a7a354ced707,1,0,1,0,0
43fa9d448a9ff1f436cdc621bb93ba0a,1,1,1,1,1
045dc2e194d1ba741a9d7ac3e5a84433,0,0,0,0,0
27bfb7281effb039b33f88c5d9e7fc24,1,0,0,0,0
a1cc383188bb714046a007022392de55,0,0,0,0,0
2091788ffaa264547425c54c8385c912,0,0,0,0,0
b5c06e82898e4b114cdcad4ac28741cf,0,0,0,0,0
429fcab91daf97e6d95ccec14f87e57c,1,0,1,0,0
5beaa00d7e2a1b7de43ae573006e4665,1,0,1,0,0
33818a4c195f0046ec861c1966a9323b,0,0,0,0,0
32aca8d6ba874de38cb3492854517474,1,1,1,0,0
9e7a9c7f70f91541172c8bf4e6583705,0,0,0,0,0
4991526e2eec24ae119295c6358029ae,1,0,0,0,0
5c12cfd63ffb7230a258321aa996ede5,0,0,0,0,0
6456e511a05e0134a2efd17cc70306d5,0,0,0,0,0
02602a048f613ebf619f9cc1a46d0d99,0,0,0,0,0
a4a6e71fd82ae5c8d09eb64cca5180b0,0,0,0,0,0
4124b5f54bfb18b8983ee59a21d51578,1,0,1,0,0
1e5ad6178924a933ecca05ca97dd65b5,1,0,1,0,0
856f4aae6537ce852c77eb86ebd873f9,0,0,0,0,0
fdcb3adee9226ebc2d01e2028ad4e76b,1,0,1,0,1
3c1d95744ad9a4e6d304852f83092d01,0,0,0,0,0
4707f0ad43498bc9f5f20e8b1746bee1,0,0,0,0,0
59f4baecb6c4edb54de0c1ef9927443b,1,0,1,0,0
22db35f5be95e15acee991b4a83e6382,0,0,0,0,0
5dd05ce26fb9f606a0914b902ab1e732,0,0,0,0,0
361a5d4b7fce88a01343a85f4631fa1c,1,0,0,0,0
89e431bae840d1b1e21450dbb2471bf6,0,0,0,0,0
47fb14584f14673334338b11007c55f4,0,0,0,0,0
793eb50a3b4ffc908e1c73f47090843d,1,0,0,0,0
906cf5094a2d4dc43f83d6957ab92710,1,0,0,0,0
5c9b74813d309fa306b554e2d674e71d,1,0,1,0,0
548cd384de7f8f519be9dccc6a690449,1,0,0,0,0
9a156d691ccd1ddc25c3dcc0ba1b5cc0,1,0,1,0,0
5bf0a0e0e4974c4aab1ff70e49a1b105,0,0,0,0,0
fbce3ff8984aee46a2b7842302746561,0,0,0,0,0
984720224e6cafdc341236dc0080fb0e,0,0,0,0,0
8283e8c543c3eef6cda64ffe0f45a228,0,0,0,0,0
1a386a59350a5a0d1b32127d188c2d37,1,0,1,0,1
dc61cec6f2df6f1e36c50411d631692c,0,0,0,0,0
ae803077408313627cbbbe0b1e725029,0,0,0,0,0
d5b2af37418f350665479e0a5e2132c2,0,0,0,0,0
028040365c073ef273270722400366a6,1,0,1,0,1
175a41b13e55820f5832e8b906738946,1,0,0,0,0
7699c20d8bb3941e9caff266cc9baf14,1,0,1,0,0
025c3ca1d676db5886c31d013c00bf5b,0,0,0,0,0
0fc8ce12552a75d6c311f57f90f76ed0,1,0,1,0,0
ad96c70f1f2e3866e81317cbdfa3838a,1,0,1,0,1
54ceb16bc0996f5a4fc3705169f30ed8,0,0,0,0,0
6e9de6695f49956bbe80df4fc66c83e5,0,0,0,0,0
1e665ef6eb7a7f0b7abe3e43a75a1928,0,0,0,0,0
b4578463f7b5022892ea53fb008aa75a,0,0,0,0,0
d8f63157f09cd0c8da70b265cf5c6768,0,0,0,0,0
31d5355e4da83b117d9743f214328914,0,0,0,0,0
4150e1bdd61dfaf3b8a68037bd4cf0fe,0,0,0,0,0
5b81a5da8e42ab8e3ff47b4a0dfcacea,1,0,1,0,1
8261e1b0fe7fee152d4938dc713fcb41,1,0,1,0,1
5f06faae8c8c758d4ea62e76100fa17a,1,0,0,0,0
5a6851c702141dd70f5daf251c2957db,1,0,1,0,0
e353f59e8ce80a1a9f7396d90b26a640,1,0,1,0,1
99c42cedfb85ef13d801e3da0ce9615c,1,0,0,0,0
5f0c5f4b31edde6501fae2022d03b839,1,1,1,1,1
1699f4a5cb049e28941e5afb9ad61b52,1,0,1,0,0
1dde17d9692888e49a4779503d88745c,1,0,1,0,0
8c154700dad98118e0fb25ca1304d226,1,0,1,0,0
b9d97563c4268a969d84e34c9e203ff3,0,0,0,0,0
ae138edcc14ce4c4f7046c8ce34d0872,0,0,0,0,0
33d6fd6d7ffef8495850f13767260708,1,0,0,0,0
9ea02040472ccb7705d3a67f5dc47463,1,0,1,0,0
9ea1475190d62a5e223bedecc0ce2028,0,0,0,0,0
9a8473d0e5c77275c923957c2f599b43,1,0,0,0,0
56da0724e3b0059719bd25f93a93c4a8,0,0,0,0,0
1d180ae65a5e694685060350f7021e06,0,0,0,0,0
ebb9636e93d4fb8760cd61cdc9b17bad,1,0,0,0,0
81420933a6990d77c49ee37e25ffcd7a,1,0,0,0,0
c6f6285b8ba5fa38108a898e1810308f,1,0,0,0,0
2bca48a4827be259f177b6f1d5758c01,1,0,1,0,0
408c59fa5049cb6cdf5443920fdebc0e,0,0,0,0,0
b1b6bfadca4fe8647c6961bbf09dfdb1,0,0,0,0,0
5bfc7b287bd05e618d5c598366d044f6,0,0,0,0,0
877e730fc7260e5a673c8800259b7950,1,0,1,0,0
8945a648730ec98486c32f9c09f95465,1,0,0,0,0
f0dc2706189af0e77d601de43321369b,1,0,1,0,1
8555321046b5f07a48369385e5f005a4,1,0,1,0,1
a41de02ebdba19ecd56872cfb447a904,0,0,0,0,0
8fd6e569ca4a352d402e3c3e6eb45917,1,0,1,0,0
e696532f8bc9105f1fa1a8e8ce7ef72c,0,0,0,0,0
e572e36ff484d242b6a6bf39493df40b,1,0,1,0,0
6a1fa13fc0c5077888c9b5c6685cc77a,1,0,1,0,0
edbec9e4d52dad52f0f31784a34083da,0,0,0,0,0
9df8067aba3cf24c79b99b522429923d,1,0,1,0,0
d9d53720f059e3eead2373551a1b18b5,0,0,0,0,0
a65f87fd5b356f3e8ce1b8012d0ca0e6,1,0,1,0,0
04f77f39dda80191e666dad1ce5fb395,1,0,0,0,0
ba82f94af643d4a17febfc49003114ae,0,0,0,0,0
17af33a38a3276b3d1c990d0cab37f2f,0,0,0,0,0
97c66cfd0333f4c74729a882ac6f537c,1,0,1,0,1
bde16fc6e807768e4335365892d94abd,0,0,0,0,0
776adc90ffe3f5c46f4f639ad89c7bd3,0,0,0,0,0
7b6929f1ae831120c65ff06c564ea2eb,1,0,1,0,0
87fa2e6f3a5ca3a21b7483d679fe0242,1,0,0,0,0
fb15ad8b83becc5be43bb440db4f73a8,0,0,0,0,0
bf6e7df8d97ead948fc1702a773566f5,0,0,0,0,0
257dd67559cd998588ae651e4c31d79b,0,0,0,0,0
aee41e927a5f2755708ff8de7ec794ac,0,0,0,0,0
8b2187f3f03121e3e49cbe4f096554a9,1,0,0,0,0
96fd7216216aa1bb096312612b899ba5,0,0,0,0,0
147556a3ee8fe525fa0c1aab04f9494c,0,0,0,0,0
16fa646bfdb034c4ff1e5d5946902daa,1,0,1,0,0
7692da118c7dd536786ca3171a6eb2c5,0,0,0,0,0
8c2c7b9b0161d70deafa4dd011f12c2c,1,0,1,0,0
bcdfdec66e6331e9f3efcf8a63042547,1,0,0,0,0
62a080f1d99f8afc84179d647135885b,1,0,1,0,1
0e8393cb5bda3c4d97e1a9bc0c520094,1,0,1,0,0
8c7f25eb383386eda69ff6629e40db80,1,0,1,0,0
a9c9a4f0ce5d2f3d2b9e796bee081482,1,0,1,0,0
17b7cb5af669ef37dd65ad84d14b3ea6,1,0,1,0,0
c62751d2e89ee8ffbb54ba97a34d84fc,1,0,1,0,1
27eb0c1e13d6fa90903d8106d98dd8ab,0,0,0,0,0
98e8c7e8660495f4c0786fabed72862f,1,0,1,0,0
257e9bc018782e29b6ea7cef6eca918a,1,0,0,0,0
154cba2b6fcf4806bc766ac7480b11ef,0,0,0,0,0
37da9b86394ff8cd667015baeef1cc0a,0,0,0,0,0
674234ff60bb1a49b61e15490cfda405,1,0,1,0,0
e6fcce80af0d08a127d5ac509bc0c5fd,1,0,0,0,0
01a3a72829ffe2f2b1dfa12a1729ec0b,1,0,0,0,0
0ebabacc15af1824561318ed7268bf2a,0,0,0,0,0
f8b6914f70bb4d4431611574ec0f59ce,1,0,1,0,0
73b7453e09467d16c29080a879270b5f,1,0,0,0,0
b6639afad4d8b4b6451d1f87f01660b1,1,0,1,0,0
67bfe36be2b1ad7f6fb21baf65847eef,0,0,0,0,0
a07c749660d5a43cd2db636e2535d0f4,0,0,0,0,0
f4cfefee64990a1d0afa501ca8e4ba0a,1,0,1,0,1
c8e5c81057bf18814df78f979af90170,1,0,0,0,0
d0850b70e15d15e2259c50494f5be160,1,0,1,0,0
5f88a47e3da8433f0361694e85a38305,0,0,0,0,0
4b1e2b98848ba39323ccf9006cd6887e,0,0,0,0,0
7782f226d093b1f549b67e4fe67a7019,0,0,0,0,0
72631e1031f702838a8569063a2422bb,0,0,0,0,0
6d8512607f8573881b32543fdbfde979,0,0,0,0,0
d99c7cc70b4c6cb134da2ec4eeb0de84,1,0,0,0,0
a2007779bfea23f698a19b7907794852,0,0,0,0,0
6e64d55be76162a17e2c2677166ed153,0,0,0,0,0
94e791650778408ba758a9c82ea631e1,1,0,1,0,0
1dd4117341c31b3ed5b7e0ee6cfbad5e,1,0,1,0,0
08a54477c8552e3cdff95c3151ec16b5,1,0,1,0,0
273bd7abed7fc585d9fcb9d598c56e37,0,0,0,0,0
e0a3acdcad64a00ad8fc034002301fb2,0,0,0,0,0
a6ad3b1ecafad311e85b9f9b072e355f,0,0,0,0,0
76800f833af6519c13ed61be61733949,1,0,0,0,0
89a7761208be5a516d9ee2fd8a42494f,1,0,0,0,0
55baef9c230ee146ec4881eb240dc99b,1,0,0,0,0
b340ebd0f6ef11e947d205ac48176a4a,1,0,0,0,0
a3031fc3ff2f13a1293a52d3e78d676a,1,1,1,1,1
74f2d106ffd367bf436d9fdb43955d2b,0,0,0,0,0
1b2c57a69c8227c9e8da0d6cb5035287,1,0,1,0,0
81dcea9ab861f112047c93824600af73,1,0,1,0,0
89204da7d1f9cfec56ddfd9ad7574d98,1,0,1,0,1
955c571fd482c14750f7a6b0e4f20510,1,1,1,1,1
68be42746a7cd5c0591c0d93196e76fa,1,0,1,0,0
9d52ac3b92c9c42881852be971900069,1,0,1,0,1
d57891c2b59ca05f8f1729b5c9c6460e,1,0,0,0,0
84ac2535d8fdc14224ef753cbe6ee48b,0,0,0,0,0
847e6ea74e5809795f3ca4a0b5be427f,1,0,0,0,0
dc3aee3df45a9865e42953947a43ed01,1,0,0,0,0
fe78474d716fd28c3671b0f618954d1e,0,0,0,0,0
16852a3dd325e9d751df57b1086bee93,1,0,0,0,0
59b0330040dec5e9d46ccd9a0c7dc913,1,0,0,0,0
fad9332d66260903b6edb027ff17d034,1,0,1,0,0
243e27e961a97892add88a9a39889925,1,0,1,0,0
ecb14a62b12b9fddff16ac346813496e,0,0,0,0,0
abb469b00941894857cd765eff67426e,0,0,0,0,0
fa2aa4b637f1ca39bd18b3b3e598a729,0,0,0,0,0
153c4e3a4f3020f1c52c2f53ff63aed9,0,0,0,0,0
cbcb0c5b1c4545c580e3dc45b39fd817,1,0,1,0,1
13f638b4308f727be595c9ff64874a27,0,0,0,0,0
faf6ab83efa9e2f3e1358c18a3c370ff,0,0,0,0,0
ee124ceb73d85e0dcb361e2d054904b9,0,0,0,0,0
fcec7a8f8f8d2c8fd06aabe6ce3ae797,0,0,0,0,0
bca6ec0ca8f062c0e53d2cc076865178,1,0,1,0,0
5ab1074a62905be0a450ba6c1979bd09,0,0,0,0,0
138097a91ad9125edbcd52118ccca3c2,1,0,1,0,0
8256b358cd7573efc6b85501d5d419a3,1,0,1,0,0
ee0cd219d44dc8ddb84330226e5b9a28,1,0,1,0,0
951002d9cb6e72f013793a35ee3b8002,0,0,0,0,0
f5cf36efadcc8165f2e8a51d4bafdd68,1,0,0,0,0
5d09345a1d39e26da0c80853b3b13af9,0,0,0,0,0
1ccc2e603d3860c439ef9904777a63b7,1,0,0,0,0
9bbf7aa5fb3b954f4a79d8aae9ec723b,0,0,0,0,0
2509829d047ded1e277dd394fc695968,0,0,0,0,0
a9ee2be01cdb2e0692e6bc6eb048e6e8,1,0,1,0,0
7ff9aa2399f02236d0f4f0200f3a00b9,1,0,1,0,0
7cd37fe2bc6a0775f6b1e1250d9aa8f3,0,0,0,0,0
630ad78492598cdf86bd859bfe1e254c,1,0,0,0,0
bd5c0750c450b10a73507d09d2ae10e6,1,0,1,0,0
62ccb3d83edfa1cc86eddb05a4db2b2b,0,0,0,0,0
7698600fb2d7ab913964e306c2ea685e,0,0,0,0,0
ff3a87c1a05130fb97b18017be90471a,1,0,1,0,0
cb5b985921b048286650193ffd41254d,0,0,0,0,0
5d50c39a361155660de2135beefad221,0,0,0,0,0
974e780e02e41565f34cf0435f79ca76,1,0,1,0,0
4a212d0dae378b2b4247aea20d90b2a4,0,0,0,0,0
b2519f3aadf8ed98178e52fa9b1f9b82,1,0,1,0,0
2d0548132968ca0b9cba2153b2ca77cd,1,0,0,0,0
4ab0b22ab46d4242584d08ecd538e506,0,0,0,0,0
42801b5f835919e10fb87c9acd3ed2e2,0,0,0,0,0
57400c8fd3a1020ecc8467bb8267a6f4,1,0,1,0,1
b0b5ed0d62b7d09a5a3cf9c2c9fa46d7,1,0,1,0,0
14b3f471f3d16f4dd027778669ff6976,0,0,0,0,0
72300164e1b70241ca97f993383423ca,0,0,0,0,0
7fe3269da9dc98b1caaad09bf040e99f,0,0,0,0,0
5dbd38240a8668a131122f115a828283,1,0,1,0,0
9ee69b460af7ba7fcd615bf313eb4a05,0,0,0,0,0
5260e447fdfc602fa0ad2236895d0364,0,0,0,0,0
848178464b66b2749ce1919f8361efe0,0,0,0,0,0
419fa584314238d6f61811f088aaee65,0,0,0,0,0
09861d9fb37064cac9ee3e8a13dc2180,0,0,0,0,0
c43d1b59e6665ce57a71c7d52b4a7f57,0,0,0,0,0
ab1a454c57a1983adfaa3722dbaca279,1,0,1,0,0
dd94a39117950435d5906e4d36b4c686,1,1,1,1,1
aeb9f5e9bbb7c3fe21614f9368c7add1,0,0,0,0,0
1960d335691c0eac9b830d679d1a4d8a,1,0,1,0,0
15034d969dade5fd5044a0d317eca438,0,0,0,0,0
bbcd133e7906a3b962144ecf65490f39,0,0,0,0,0
e55bbc593ef775f55fef7d1aa0f4ae57,1,0,0,0,0
f4962675bb6150a25bb785b81c15b486,0,0,0,0,0
385d0f2237876793c5114b79e04a5a90,1,0,1,0,1
0e98f23ab94a5f0b6c6061090cad3e4f,1,0,1,0,1
48766cd47514c385c43e3bd185d29c2d,1,0,1,0,1
9715d80c0b13f713f449df5353ef869d,1,0,1,0,0
79f8b16a55cd356c64cbb98992e378dd,0,0,0,0,0
10ffaf5422af4ee557528637b1b5d393,0,0,0,0,0
89a7974e6cb7d3ae67af08b73b7f52b8,1,0,1,0,0
108676552f749f8e224d6f2a5c1e3810,0,0,0,0,0
0ff6cb1079920c6591f09a18225341ce,1,0,1,0,0
e806e3d69dd1bfb7b1406c408a0d6e1f,1,0,0,0,0
838ff31c1a0ded270a6e3781bde81c93,0,0,1,0,0
c84fde10aa6ce5fa1592afc2227c63a5,0,0,0,0,0
5405fe168fdea46e627e21d1d997d93f,1,0,1,0,0
a14b069148c1156a92eb117eb0e49b45,1,0,1,0,1
7ea632437ed5b365648115010bc33f24,0,0,0,0,0
561c47f181ece842e3eac0d76f23d4e0,1,0,1,0,0
92440202acb381a6eb573ee18a00f277,0,0,0,0,0
63c8b5aaffa9b69ee8c1e8058b521e58,1,0,1,0,0
06112612c168191df7a85ca5366b3809,0,0,0,0,0
150989344eb460bdc689735258475e49,1,0,1,0,1
eb23c7e802bef2364c4052d7a8478cf5,1,0,0,0,0
bbf78e1c9013bc258ec00564c52727ef,0,0,0,0,0
5430907922d81c3d24c32f0a4175e162,1,0,0,0,0
533b86c0a405834cec3dfebb858abef5,1,0,0,0,0
4a09238e584921964589f9e194782bb5,0,0,0,0,0
e84aca131543a0e25c9d30feb711948e,1,0,0,0,0
fa9a6ecc5d57879d7576470eb10f041a,0,0,0,0,0
f587b4a904c3f8b8e48c6b5198dc5e6d,1,0,1,0,0
375c1ba77a606594b68d1203e76fc22d,0,0,0,0,0
ff5fe9d361292b836bc483f990640309,0,0,0,0,0
f0734eb8f1730b907cd13a83d55030c1,0,0,0,0,0
341bf5555e1b0c3836603801e94511c3,1,0,0,0,0
091a41e8261e6dad0c1202c65c105604,0,0,0,0,0
87d1aeec0b11a7d4485ede6b8f5c840b,0,0,0,0,0
75c8536c7c81e47050db84136f2a1baf,1,0,1,0,1
7a456e36544a785a281146b86bd99381,1,0,0,0,0
0c1e4ef8b8e165a7b9b0ba254b3c6e9f,1,0,1,0,1
0f608ac87ccf99debe3c081862f0199d,1,0,0,0,0
34e6d99626c6b96b56c82b5f987fdec6,0,0,0,0,0
6924bf8aae3db0558d12271408a90a01,0,0,0,0,0
60d258420874681be870297b65ee8a1f,1,0,1,0,1
ed6736323a9ee49d834425a12ab5ac29,1,0,0,0,0
06ef5cf4c036622a1451ab7fc79578d0,1,0,0,0,0
612a04925fc5854c55d9ce5d3d922a06,1,0,1,0,0
30cd6705cf704922b217e0ed4edc3071,0,0,0,0,0
bdfbe55a1305230f5919aec4296e4aaf,0,0,0,0,0
1600dbb0319ab2f8341d994c97a87eda,1,0,1,0,0
259cce208e7b2a25124f7870422862d9,1,0,1,0,1
5af097b5ceac40f14c5523b9769251fd,1,0,0,0,0
d88671e6d5dbb0c2995acb897cc4ebc1,1,0,0,0,0
b1480eb00560796f319ba3f8fdabe6c2,1,0,0,0,0
b2b73707fdd32e836b62509b2b89d63a,1,1,1,1,1
e89b3da992726eb58b5c2311e168215b,0,0,0,0,0
48ccc2b4b3dec06162e8b7974db717d4,0,0,0,0,0
cfed8d18e6878ba9a433494390a946e9,0,0,0,0,0
2a0d3421b8d3d4a4b076669e610a7125,0,0,0,0,0
b79d19f22de37e432cf3d46c8f800062,1,0,1,0,0
91864dddd64f71c428195151cfaad676,1,0,1,0,0
5717baebf2a6b49178cca628c8b43b37,1,0,1,0,1
b798209c75c8a6fdac1bbf864b26f8e2,1,0,1,0,0
8e05b066b311c7e01651eab00920a2f8,1,0,1,0,1
44973a3f3b49b2b38e886136909deff8,0,0,0,0,0
b5c54378db07d0daa83ca56e948ea34c,1,0,1,0,0
ecef2ce1a533e7fee14aa79206aaf80e,1,0,0,0,0
f08f5d911c93771af4034fa2f1099a00,1,0,0,0,0
ba7ed4f50e0024efb7756bf27288dbf4,1,0,1,0,1
5c792d9ad675080f8d6a77dbd9d59d38,0,0,0,0,0
b3138d98a3f76e0d8ffc63c363a372c0,1,0,1,0,1
6bc0c679dc953c1fd49531b06ea9a98e,1,0,0,0,0
c5c731487fc87d91c09fbb101b5e56f3,1,0,0,0,0
dcf97df4b5da802f85d64cea46081709,1,0,1,0,0
b78cc3ce1f7fee4975757c47c43cfc38,1,0,0,0,0
5580b03dc586dffe8dbae968bf051184,1,0,1,0,1
03fbe392418e209567391016047bcb04,1,0,1,0,1
dc01d6562ee7e4a2a874e4e6643618e3,0,0,0,0,0
99fbf7be69b796a5f0a33f3acf900f32,0,0,0,0,0
f590f50f4ef65c690e1fca59a26b07f9,1,0,1,0,0
f63655ed8250c51fc664ee034deb87cf,1,0,0,0,0
c8f72ab85bb1f5dd3fb3fd2372d7e1ae,1,0,1,0,1
566166e4748dc0daaea6d23ee402f186,1,0,1,0,1
c7744c02cac05d74b1c528a8dd997880,1,1,1,0,0
fed2887170d3ef85057c1bf8d69b2de6,1,0,1,0,1
38d75d64b05a8c53da8137410223a2c8,1,0,0,0,0
fcf61fa14c138afe536c12a0afc00ee5,0,0,0,0,0
99c611ba4a9d7eb990a847a750835817,0,0,0,0,0
e791538126977ead21c5a1295d4e5590,1,0,1,0,0
38b59d6142e91a2e74018cb2d9f02ceb,0,0,0,0,0
71698d22eeb4d97f98b649843aa3e271,1,0,1,0,1
82c21a6a353864f36efc5df4f18934aa,1,0,1,0,1
f4ae74605c1a00e6adcc28e9b67cb434,0,0,0,0,0
b59bcd2d5774f7e39ec8bce8ba81de97,1,0,1,0,0
d1fab62c77078f7d277be66da427bfc1,0,0,0,0,0
ff01b2bb18110dbbbe1f6b6c6642f638,1,0,1,0,1
6ea48994f581789c46ee4078859e74e7,1,0,0,0,0
2b035d374b58ff8f1f89f955fad77c92,0,0,0,0,0
98f612e0a54a8f89d19927868173e06b,0,0,0,0,0
4202d571319e9d95f43aa2934c2f1301,0,0,0,0,0
b15880266ec8551da341ca5cde77f7d5,1,0,1,0,0
1a863a3c744c7149c56d667bb0ccb05d,1,0,1,0,1
f3471901ed2dd19d6799fddaaf6b3366,1,0,1,0,0
c3792c11dabcaf883f76e9feb767d554,0,0,0,0,0
62a43a9268b2ea1073304bf9df8ace22,1,0,0,0,0
a128359ddfbab399fe0de4f7e3eed97a,1,0,1,0,1
5831843c667adb1a7bba57f79a8588df,0,0,0,0,0
b9995daaf6efbfa876718c78cdb15977,1,0,1,0,0
19cb52af2ee6a5f56dcda8aadc776c0d,1,0,1,0,0
9249d7692475c853c7d5619340f08bfb,0,0,0,0,0
581ab9e62ddccd1388e5d61a1416a6cf,1,0,1,0,0
2e6e4cc7ee5bf41024bba1ddf6b6e401,1,0,1,0,0
884286e116637837d63e20474f264ed1,0,0,0,0,0
dc5f62bed18c91a93e6ba3bdbd033902,1,1,1,1,0
1c5e402e3afa92b90435cbadfd789971,1,0,0,0,0
34c561f0c6edc139c53540398ad2ca76,0,0,0,0,0
e3090808f26d2e43be1ee13f0be706c1,0,0,0,0,0
a11c7647c7c7926214642c02a7e95eea,1,0,1,0,0
3112588b675faa3680f42b24adaa2960,0,0,0,0,0
9570fbffa555b889fafc604819ad7ae7,0,0,0,0,0
f6b556eb1e2af705372bbd395b35c01f,1,0,1,0,1
83d79bbbed1aa72b3ab48e64923d8267,0,0,0,0,0
8ddf3a8cb56407eeee17acb2b1851427,0,0,0,0,0
5d19328acc66a3585030434071d6ba4b,0,0,0,0,0
15edcebeb832d3afd05fb7ede9341626,0,0,0,0,0
f8258eaee3eea97584a41a468e3c82a3,1,0,1,0,0
086f5e7fa6c94ec5b440d4d608cba6cc,1,0,1,0,0
29cadc4033b147fd0abd0f58fe103e3d,1,0,1,0,0
8ee3829a0db4344a728d1feb3342f050,1,1,1,0,1
e1193ff0e6fa0316c072a633db618f5c,0,0,0,0,0
af17f3c9d597786c3626a9331cf5e13e,1,0,0,0,0
5bd4d941aa8ef1e44f0481c45cc3b4c5,0,0,0,0,0
2a1f31460a6d0f2ce0fcf6517dba1bb8,0,0,0,0,0
c7050015abd1cfe28d317f5cedf33c5f,1,0,1,0,0
7b3bcf05d4a64442eee6ca24dbc23906,1,0,1,0,1
edc2825eae9011859cc47663874cf232,1,0,0,0,0
6022185ec6d645486d92f393ffb74237,1,0,1,0,0
42e7981ba6af024d2ebbe60c2981e50e,1,0,0,0,0
6cd926c48a4972ff40685005c0c7c5cb,1,0,1,0,0
37c2596a46ffd1157702c8b0e7b99f18,0,0,0,0,0
f23b9e469e41f14ee9ca94171d865fec,0,0,0,0,0
44d0b4f1c5556ff26d8cd7d017aca402,1,0,1,0,0
e5b074dfd096630b37a1fe29bc89dd30,0,0,0,0,0
925c342fbe17841b00327ff0cf052005,1,0,1,0,0
e36e60042d62acd663a2ab11c46ed0c8,0,0,0,0,0
207232c4cbf45b8f5531dc851a7bc6a5,1,0,1,0,1
2758ccfdc74894f8833624210aad71d8,1,0,1,0,0
4213e4b8b46e205048827dea2b290691,1,0,1,0,1
adaf11cb4dbd57c319ff4b71781982ea,0,0,0,0,0
f79eccdfd9b22de9acad6054ec2b1d2c,1,0,1,0,0
c3f67629a4b9f07eace0b65a23fb41b2,0,0,0,0,0
7cc7b29b46816b5efe990f097f048e39,0,0,0,0,0
4e61ec34146a583cfd390c9a6483cb64,0,0,0,0,0
1040993d3477bd6621076eb1bf22866e,1,0,1,0,0
90c89d3e001aad35ffd2bb07924c7a05,0,0,0,0,0
791fdbc4ed63d57a2af647c2bcde05c9,0,0,0,0,0
fa04d523b44590776176f953e98e2d9b,0,0,0,0,0
0b836a4c25ea7a9d3ae668385d301702,1,0,1,0,0
eb5c7ec4bf35c0abf20e175d97b74b20,0,0,0,0,0
c3404b3edf05284eb674e8fd3e1d39ed,1,0,1,0,0
14044a25959a3e24b28173649b2fefe2,1,0,1,0,0
7d570abeecbca3d911f0a150a65041b2,1,0,0,0,0
6f144b0c4befce821ada580b1bb30d8a,1,0,0,0,0
5c826b7e4e6d8c3ba33f5b36bb2ebe8f,1,0,1,0,0
005a9664f1807c7c6df139a3354668ad,1,0,0,0,0
b30e399af65c0c3cb90d87de00127883,0,0,0,0,0
be7fef5fb08bf68f629cbe3c69cf6947,0,0,0,0,0
c41adde2ef521a264bcc0cab1f0808cd,1,0,1,0,1
495866ebe4d8cba8dc305d524e0e07bf,1,0,0,0,0
3f4f57785e8012a928758d00b5c591c8,0,0,0,0,0
bdd2e5326e2d1449a98b135f88ba5656,1,0,0,0,0
0012156fcb9b20758a544b8a5d75bcb9,1,0,0,0,0
491f23256de9ccbddedd40c23e820c2f,0,0,0,0,0
39c114c34d087d5d977c4d3460eb8c61,0,0,0,0,0
4fa3412fca2e0492390d23ba6c009013,1,1,1,0,1
bcb387e5be19fce474e87ae7b60cae50,1,0,0,0,0
c6ede22745213cbd5743bb62018dc06d,0,0,0,0,0
8ec3d46379d5acefd8787892f8f5f794,0,0,0,0,0
a5c0802c31165ab1282ec0982b9525bf,1,0,1,0,0
acf9e595681f788ea8f02d5fc03f0c52,0,0,0,0,0
9c7584e998fb5af99a432a76da6e3148,1,0,1,0,0
e3e0d14148b6c2b48b495a94303beb41,1,0,1,0,0
2a3a593f764fe30d69277f3ccbcc7c31,1,0,1,0,0
acddd396e6952a91a3c6c92895d3993b,0,0,0,0,0
0170e39a764d5f59d57390b43bfb88d0,1,0,1,0,0
8457755d03fde2ce88f0e31fb31498d4,0,0,0,0,0
03f76d83a0978768edd8881c3f20b60e,1,0,1,0,0
4087ef4425898db1fc8084f03a111f06,0,0,0,0,0
aad034fd47bbf1a6c4d0c211f6b86e61,0,0,0,0,0
6dd533c8ccf12a225e0dcb5f947a7d6d,1,1,1,0,1
554faa28ca77c450e76f96e792c66858,0,0,0,0,0
53508aa722f4fcb5922493d8b838d14f,1,0,0,0,0
5eba1b48d980c8537933bfc343b91981,1,0,0,0,0
56a5b99f7203bdcfa30ac7d1f72db8eb,1,0,1,0,0
065d3e54c6fed9eec6388e015de10eca,0,0,0,0,0
ea1718050eb75537ede3810d8e6d2817,1,0,1,0,1
e9f9899d81ba17b312302bdbd9ed2cc3,1,0,1,0,1
60df0a530f8a50a92807dbe54e2830d5,0,0,0,0,0
95c5ddf294817580bab259ec32f5897a,0,0,0,0,0
0883b9c2dee2f0c167208421e23720fd,1,0,1,0,1
75145c1bdd5f25d7116fc6ddbe370407,0,0,0,0,0
8fbd886019b52e6e0116f960f12e09c3,1,0,1,0,0
a63737a695104c28f5db3793eb5429a2,1,1,1,1,0
2e6a4e87ebd80b5a4c1d123661dbb7d3,1,0,0,0,0
aa4f40d8e383605d50748aea3411eec9,1,0,1,0,1
e1ca3955c509d690a32748e90702c522,1,0,1,0,0
86b79594557a2d5e1dab8f4699c8b30d,0,0,0,0,0
96169f980fecc167152bcdf7cbce2fd9,0,0,0,0,0
8edb05feb29cf75aeb20205fc9a95ff6,1,0,1,0,0
a584dfbcb7a4fce17c4c75dbe4d33b5b,1,1,1,0,1
e71a333780452e96003da54f5d28ec4f,0,0,0,0,0
9e534697346eefa07ed4eaf39fcf4f35,1,0,1,0,1
3ca8fe280012b46d3566a46d37c4beac,0,0,0,0,0
bdbd22e4edf0f0a54e7aae5ae21df4f6,0,0,0,0,0
6d1847902d6be2cd94384dbd770e1b3f,0,0,0,0,0
ed9e8157898baba1f284054fdd570ef7,1,0,0,0,0
16234c7fa621349f884128d7335ab26d,0,0,0,0,0
114b53788a65c74f658a0af849cb7b88,0,0,0,0,0
2e51a30bb3a063286652c00da93100fe,0,0,0,0,0
5b79cbba73d3615acd2ecd8426925f09,0,0,0,0,0
d621414800b96c9af35cef109e6cf1d6,1,0,1,0,1
63fd746672d7e1f779532d249a13f3fe,0,0,0,0,0
d2baff2f5b699d5171706eb2caae4541,1,0,0,0,0
d00d3760ad609d5e51a67eac61584741,0,0,0,0,0
bccd5e5cfb50f89547668493b78b4abc,0,0,0,0,0
188dead23c44ffdb9668e610e9a12cfc,1,0,1,0,0
4013075d93c1e5aa0208c2701aa3c11a,1,0,0,0,0
2e9ed108ab36119ae2620fc8a06c585b,1,0,0,0,0
82675a8e0b9e5687cd1c99b5f69b318d,1,0,1,0,0
d2d8e39748902f3866cd02c6f6304d57,0,0,0,0,0
2aac4c3f5095881a27539f69780079ab,0,0,0,0,0
d9eeb59e6579ce90550af661c360127f,0,0,0,0,0
555d19a71b3b6d3c1919ed220d1ac4b5,1,0,0,0,0
5726f27a9c7d893d2ef48e84e9c7ad7a,1,0,1,0,0
c10fae10d1b03e913372601a036f4706,0,0,0,0,0
b10ac53729ba8f6a5298c7e5619465fc,1,0,1,0,0
29e9baf475b43aa05676cc933881098a,0,0,0,0,0
50be1c69087486404f3ac21ee7cc318f,1,0,1,0,0
63e8ec378c5680f264c16baddb492451,1,0,1,0,1
e7c0817abdac330eaa771d9535fb4d96,0,0,0,0,0
bba1156b1706659c17de0b7f98623390,0,0,0,0,0
7ac21b12945dcf42f3c2ec0cadaa26ac,1,0,1,0,1
41f23a67c080695e7ed96d9586de54ab,0,0,0,0,0
6543b01e8e595bbbbf5b63015c208508,1,0,1,0,0
63fecd6d498662e5a74d0291a78320c5,1,0,1,0,1
35009684d48364b0649fc930d283ba3e,0,0,0,0,0
e6d3df8eb583aeac5b7874e59c1bdcf8,0,0,0,0,0
fa81158581cdf2e74336de68bbba9e08,1,0,1,0,1
4c0293c2daa3c29f5ca0842411f53d24,1,0,1,0,0
e16b6dbef64182ee10ec2fe2a164bce5,0,0,0,0,0
aab0da1884c8d853701076cd9286ab44,0,0,0,0,0
331264725751a6248d71c3244f7fec31,0,0,0,0,0
2fc9a9d53fe0feeffc615c3e7986732d,0,0,0,0,0
54b19c712fc1daeb532be81115ac8b88,0,0,0,0,0
267af5dc88683817eb26ebd363f4c2fa,1,0,0,0,0
8685d1557b2dd8c383d862de641e6d5c,1,0,1,0,1
348ccb100069b8fcbff92a4483dc99a3,0,0,0,0,0
fb5f12c27c31bfbed0471d576a8d1cc3,0,0,0,0,0
d3f0ca9a49f8449e2571c1064553da79,0,0,0,0,0
ff7b3e185d4a4bf6974d969b3810027c,0,0,0,0,0
3d21768516b97646fdcc3255e2b16cd4,0,0,0,0,0
affcbc6744d39c31983da39e795350e5,1,0,1,0,1
52be5792216295fff1596fe860588067,0,0,0,0,0
5529739cf50735fbc91ca0b94d4dd9a5,0,0,0,0,0
ee185e4d391bf842e03264cf634144f6,0,0,0,0,0
4a9c44820ec0b4e50fbc9b199e389108,1,0,1,0,0
c6575719ce648f723792de5c844a1819,1,0,1,0,0
ffdb1f043fed5aa3d3fa05e5fc958dde,1,0,1,0,0
6d11d5996ed7605b117bcd1ae1115836,1,0,1,0,0
7b27f843a1369c1ba5e4b730e86a59a5,1,0,1,0,0
b583f8de8be64d5a6d89dccb5d1990a5,1,0,0,0,0
b0a2a1e41524be5eefa3ffc2492c296f,0,0,0,0,0
975cbb1281d04f0a1f5c09dcd3283d8e,1,0,0,0,0
c108d5ce3e6fd93bb6335fc340eed38a,1,1,1,1,1
934ac68585b478ec2114ddb8f036b016,1,0,1,0,1
fd0f493541b7b2c90a57547c903bcd0b,1,0,1,0,1
313a2f283529697926dee33c00385fa5,0,0,0,0,0
f6f3af49e6be95fef320bcfa43ddd82d,0,0,0,0,0
40565de9870acf1c75ad0eab1e8c0746,1,0,1,0,0
8f1630cf4e7a7d361fb9b3e0f463ccd8,1,0,0,0,0
83dbe677c2b94df5045406e710a09e23,0,0,0,0,0
22b470878fdf84c546af008f76a348f4,1,0,1,0,0
09e12c87eb8510a2716da0afdf5e359d,1,0,1,0,0
68b4162b3aaeaad06e5bf789dc1a5bc9,0,0,0,0,0
be4e87e63e7df0ea8fd2defde6e1aa23,1,0,1,0,0
d3c29475fcb67391fd8648143c3fc348,1,0,0,0,0
efc1ee894fd5f462017798d3c73748f4,0,0,0,0,0
c19878f89b9f41ddcca64c82db08444f,1,0,0,0,0
bdff9743fa375515c50d008dc6bf6f70,0,0,0,0,0
cb74d0779edb113b04f9a88a10f66a9d,1,1,1,0,1
2e6eb106d60243ec9a7c2364daed849e,1,0,1,0,0
f97f58b656efbaaf31a0b78bd9c3db41,0,0,0,0,0
2e6a647a398686be570587aed29c5355,0,0,0,0,0
667badce17df991378b6951df6ab72e1,1,0,1,0,1
2466c6f78f232eb9ab629adedd3120b1,0,0,0,0,0
8b0b41cb2cbf3ade9e11686c53a65c77,1,0,0,0,0
f5b4a5d5da4f3661351986ee823f66d0,1,0,1,0,0
c92d9fd38f6a3161452f9e060e3e28b0,0,0,0,0,0
4f4bb29c90782e69e534df5ed4c04c84,1,0,1,0,0
4c73056388ec9c33feb2b78ead26a6ee,0,0,0,0,0
781a8bdce0f0d08954dffaf7ddfdd741,0,0,0,0,0
a3e7639f7e35cb57d1c7c3994e41d8db,1,0,0,0,0
0f581b770ef4477b68efcfdb7b7bbcd4,1,0,1,0,0
7225b46861edeeb0b09673f58fe43bfe,1,0,1,0,1
b615bfc1bde02bbdfd2ea035434b0cea,1,0,1,0,0
7bf416b6f7ffbf370a34a75ff60fa653,1,0,1,0,0
3f72aa043f4a2b338798109aa288058b,1,0,1,0,0
b61968791d66663d1e7169058915057a,0,0,0,0,0
e7469a4a4e11467af273b74a3cf2af65,0,0,1,0,0
2215d0828d1e28a7048829d44c470370,1,0,0,0,0
908fe4089a8228fa2b91cb3909bedf70,1,0,0,0,0
abd1ce41785ed823ac71c13c57ab523c,1,0,1,0,1
51617bcc2fd97a4a426145c8d86287ae,0,0,0,0,0
0df9ba12cdfe83431b7e7ab1adef1fde,1,0,1,0,0
76f025567004a5510539a39226b07eff,0,0,0,0,0
c6e91d6646e3dbb30a9eb913216671ec,0,0,0,0,0
7d0fa2c6fb7c9a23ab9fad45424fce47,0,0,0,0,0
e623f87ea77c52f49174f426b1326b8d,0,0,0,0,0
021f5d3affeb65f7e512bcaa41a069b6,1,0,1,0,0
e5338c489379865935fdd886630ae5a3,0,0,0,0,0
61f0b57aa66747b1d5da7ce6bc7c3b42,0,0,0,0,0
d2aea83fa2142bc1f9e2480fb3ae8d21,1,1,1,0,1
748d5b09722e2cf878fd27573f60cc71,0,0,0,0,0
6882447a74b7bb4fa09147c2a89ebe47,0,0,0,0,0
b826c45451c24e10d3eb622aede2eb70,0,0,0,0,0
53958de7c47e04b866207bf654c946c8,1,0,1,0,1
1236bffe6070e350ee0cc959773a18cf,1,0,1,0,1
bffd25028f6e4e0bfb99b679f11d8162,1,1,1,1,1
16b9fd2c47fa41b1df111e847bac078a,1,0,1,0,0
dd573ef7850eeeee8e86117ef12e5af6,0,0,0,0,0
9320eda2027462852ac081ae728db8ab,0,0,0,0,0
85f84a8d95f782f92cfd75f4792e7e62,1,0,1,0,1
dbea0ee4dcca526e32fe2bf66090a4da,0,0,0,0,0
a4cedfed99b476a286f8dbc572fb1bbe,1,1,1,0,1
6c05ce384a9f5cd00c139771d946289a,0,0,0,0,0
3b0d961a8750c8f50f82182c2be013f0,0,0,0,0,0
acc17239917347bd2d63fc74246f5d2a,0,0,0,0,0
014a63cbe6e9ea8f3dca3cd42c89e428,0,0,0,0,0
56b0cdfc5050b585441c2b9a9f943be4,0,0,0,0,0
c1c637f837b579bc488d85e2f1cadcea,0,0,0,0,0
13c05b9b52f9163c9370d6511ac54972,0,0,0,0,0
8181cd2dae2f9ae74313325bd86fcd99,1,0,1,0,0
96a7beb2738007228cbb5b750a07aaa9,0,0,0,0,0
9cbef218a7db892e0e2dbb22490b725d,1,0,1,0,0
a97107641db0ae85c40f7219679c351a,1,0,1,0,0
0c843a677c4e2bd6cf6a793dab096d51,1,0,0,0,0
130807d6a6514586318658d6d0e8b431,1,0,1,0,0
5a7ddc78858950c97808d3985af88498,0,0,0,0,0
c1950ce8bd30315c4a08f173eb3abd28,1,0,1,0,1
e7734fa026dd6d67c96140925da2ecd5,1,0,0,0,0
7b86cf1f2e639d0a02033ab0fc35e24c,0,0,0,0,0
828778c24ecfc3706779a7c6c08bee01,0,0,0,0,0
7bf839714468fa9b28582db11f438a13,1,0,1,0,1
ea47509dc66bca4088e6703addcd6cdc,1,0,1,0,0
0ee57488ae61488acdc48dd649b92b98,1,0,0,0,0
5db290753ce497d445a181d8b7e1345d,1,0,1,0,0
072b29612bab99df75bbe247b7294d66,0,0,0,0,0
d3b54d4e27dd11d003445cf7b4aa5f43,1,0,0,0,0
9004de1d2d354005792f43bd872e5a5e,1,0,1,0,0
c3d9b5ebad5528d1e22ae2136b184035,1,0,1,0,1
41feb50085b014d82ec95be7e1877e2c,1,0,1,0,0
64c6630ab6648e895b69d6b4e31d609d,1,0,1,0,0
f5a7fdf3046963e9171cd42621a14a02,1,0,1,0,1
30d93664095823f6b264a94e5c9bb81d,1,0,1,0,1
9f326fd1a72448286b98e9421bbc9099,0,0,0,0,0
fd73f2397657655a916264b10e2a958c,1,0,1,0,1
2442f5b6e59e6cffe49575c3b69aeb2f,0,0,0,0,0
f8ffae42ec7cd96b2cf9e51416a4b68f,1,0,1,0,0
83814a5c6a6b2d95179b9f166f7acc20,1,0,1,0,0
f555b1242c7eb36c193cd3fa069bc392,0,0,0,0,0
7b9f9b574320301f41dfeb023b69fc7a,1,0,1,0,0
75746bbb63d1c259721326dda02efb0a,1,0,1,0,0
528b1d4117eb6e797290d80a1a738da2,1,0,1,0,0
f77f8ff001a30430719b7d71c3f18dce,1,0,0,0,0
284ce86f88aadcd2db5fcc434061d89c,1,0,1,0,0
2b4338335cb7794b1fff658e8f943f87,1,0,0,0,0
bc6a2f80a93bf1d2895c1956e3d21bc0,1,0,1,0,1
8c073d200673c1c86aebcf96bf7a99a9,1,0,0,0,0
7546ead406186961014b6f9c9c3b5c7e,0,0,0,0,0
a5677c18e86fff3a7d2c8b2b053cb750,1,0,1,0,1
57f08f0dd7b6118acd0bf5a2cdcb36a0,1,0,1,0,0
63939dfc87d975119b971813e40f39ae,1,0,1,0,0
53feb7a7a4cf60825ee0db0dd86ec42b,0,0,0,0,0
ac1a2d04e662540cf9ae46a69cf0da07,0,0,0,0,0
d8e3934f106c2b7fedefede3445ca136,0,0,0,0,0
dd61be9f8ce41eda0ad2ffd9a00e5aaa,0,0,0,0,0
15f63cb3285017baa4aca5643e02a733,0,0,0,0,0
7f299251b68b24e062f9f41e4bb8b581,1,0,0,0,0
5c71730d9dd311ff7eeaad1c4187d31d,1,0,1,0,1
417a9338e0bb0f8f80aaec41434f9d0d,0,0,0,0,0
6ca346ca85a04b100887d5f1fd84a617,1,0,0,0,0
4c2ec7cae3713de2b056111f65e8e495,0,0,0,0,0
c737641d3db5742ef7e1cf67dddea3bc,1,0,0,0,0
99d020c1af271219663faa87a2a90f78,0,0,0,0,0
e2d39f7a7ddf845931ae24735e55753c,1,0,1,0,0
d65c7599fc2ca9a78a96bde00fa39a87,1,0,1,0,0
bf0b19bb1240423da431b566578bf430,1,0,0,0,0
9c8711c5565e2316d38f8e06722a9429,0,0,0,0,0
17035e78ff11b32744cae9fe63e26fa5,0,0,0,0,0
858c5457b331a193098b8d2be34c0671,0,0,0,0,0
f286c6c3b97fc15c4760fb76ebdf8cf3,1,0,0,0,0
629e8b0d39a69e76a38c40da37563ec4,1,0,1,0,0
577521e77458a5880b82e910582bfb33,1,0,1,0,1
ac7073bbb13f17d56b0e2b397a0bae45,1,0,1,0,0
a469fdaacc3b0138e3a6cb60c0dc19e2,0,0,0,0,0
115f3f02bba3a6d72b68fde9378cccd2,1,0,0,0,0
6bb2cff0da8b7d1273bd050719307449,1,1,1,1,1
d475bcbbc741a1f3001e649dd3323ae5,0,0,0,0,0
6cdf3c8a996f5c3bc94bad1a9e76c89c,1,0,1,0,0
c2507c44bed0b52fba47c1c39c94cd83,0,0,0,0,0
9c7c58c7c78dd0c67cb37d01267d447d,0,0,0,0,0
2cdde554879cda5efff9427eaea0b2f4,1,0,1,0,1
60caf1502b02feff5785040f94fc39c9,1,0,1,0,0
4f3aa6a06b761df554b08518135166d1,0,0,0,0,0
5f6854370a057c55d205695dcd8e88a6,1,0,0,0,0
911e4ea0143ba6ed1ec1299308bc3bf6,0,0,0,0,0
c7dcf1f0f30ce146bfaa121ddd817634,0,0,0,0,0
99e24d5c1210cd1138a6d89c1d21d497,1,0,0,0,0
cb68b1cc00dae7ae919bfa1edce615f9,1,0,0,0,0
15cb056a12ab89abbd86f36ba007fe3a,0,0,0,0,0
9c68936d668b3245df6bdd5c2c934ff8,0,0,0,0,0
2d2592d2268f33543a86568babd2649b,0,0,0,0,0
e9ca2315104eac976adfe0137b38c86f,1,0,1,0,0
7fdbb9c4b2948f510d1e4ad114dcc7c9,1,0,0,0,0
a1a57d3980efcc9fe78eb150fe1759eb,1,0,0,0,0
ec1f401e222495235bfae88e9421afd9,0,0,0,0,0
cf90f0686486013902cb9e1526fca90d,0,0,0,0,0
25bb998c8728230bfeb03ccf7db9af0c,0,0,0,0,0
71e43aa23b8ef4891c61127e066b9ea8,0,0,0,0,0
f17a222cdbd6f78c9f1481a6af3dfe52,1,0,1,0,1
88afcbe1fb01b352007c3f44090c90e0,0,0,0,0,0
4f4fd496ea8e88fbc88dd604ea42d55f,1,0,1,0,1
bf3e31f9fb545c5cd90690db06ad5466,1,0,0,0,0
0aee3ec925c85ce592ba9f6db9c57401,0,0,0,0,0
f297311d46806e2127c7ae3af180b760,0,0,0,0,0
675fd2ce2b8448df844cec1aeaf69b68,0,0,0,0,0
d09481ff910c6fa09853433e5d568af3,1,1,1,1,1
183acd1ef5c3548562809a6d426932a2,1,0,0,0,0
9c3f71e53dbf3da445bec5cfdda8f0af,0,0,0,0,0
b596343c16ffefb76bcc531ddf19f106,1,0,0,0,0
419f5c40a6bd391aebaf2f7caa16af8d,1,0,1,0,0
f20f463a54069978f64fd9766475fc84,1,0,1,0,0
f275febea65fef2ef583954829a2bfb6,1,0,1,0,0
cf1b958ba526ffaef97839660d3c5370,1,0,1,0,0
f688d3f3be4646f4167b5a8882a12ea4,0,0,0,0,0
8af0e0999750241ff3c853644fb1bc8a,1,0,1,0,0
20de2f1deb6fae1dea30983ac5e71601,1,1,1,0,0
bafc07aaa667d0a9fdb2da87690d4061,0,0,0,0,0
bbdf212cdefdd1b0a9625ca9c5969cd7,1,0,0,0,0
6f34172e6828060ae9881b5e7cae8c44,0,0,0,0,0
4f4490ccab81ac9dcd615cebcc48f506,1,0,0,0,0
7c28af7d91ce7db0248b26dc98f90cf0,0,0,0,0,0
72253c2565b67b531a20711d3f08f071,0,0,0,0,0
50c181282777bd1135f7f524154f89c3,0,0,0,0,0
b252a90a527056796aee9b466fb5e8fc,1,0,1,0,1
857ed416bb6ea7007b62ac4a326821b9,0,0,0,0,0
e032f11959951fef568f988ec0ca9bfa,0,0,0,0,0
dd90eb6a45f14084b83d6d48ce2d5341,1,0,1,0,0
8871cb093bc25514e60f63b32102d7f2,0,0,0,0,0
fb81ccbc99b71165a5672dd721e26b37,0,0,0,0,0
fc19fad5ac50c429801a918e2daaa1c7,1,0,1,0,0
41ab1dc61ac4ab28a69dd426df7b2229,0,0,0,0,0
0a3f1aade514b1acf18510f1d4284415,1,0,0,0,0
a0085936bed2418cb39f5ffd5e6f0f86,0,0,0,0,0
517df2146bd94a31cc26ad7b639f8fc7,0,0,0,0,0
1dbc1f491f0d63ead0d181587b22f724,1,0,1,0,0
c383c2477f35aadd60de68f52548feb2,0,0,0,0,0
878786910ca0ce31468df36743b38449,0,0,0,0,0
eec9deda69f2c6802d718fdfca01ea48,1,0,1,0,1
7f033a60983f323551558cc76b647a3a,1,1,1,0,1
66222d0082c0652f6e9a12e9178de573,1,0,1,0,0
1e1bf63ab157f4986b776197775e3d63,0,0,0,0,0
24e46ffd810941f71f5e174bca83fc2d,1,0,1,0,0
cc6b9dfc2b0bbad937638a35dfc3d425,0,0,0,0,0
06ee53ba0454d5df2273be8397b1737d,0,0,0,0,0
e0d02f4a73c95f58b8be64fc144f963a,0,0,0,0,0
eeb15c1c0e237ae06256170f06235a91,1,0,1,0,0
c6fce5e429123d7350daacae89dc3fe1,1,1,1,0,1
2eebb82ecbcfdd6f5de0e2006d047f24,1,0,1,0,0
923a36f0990c501165dae5432b2d0dca,0,0,0,0,0
3cdddee2c93fa5be99a679b9e7f60daa,1,0,1,0,0
a5fcdd294655f9bfa343a61422e2092e,1,0,1,0,1
454e1d2899be132d2441aa912d677435,0,0,0,0,0
49e547e46eeb56d902e8164fc69fcd1c,1,0,1,0,0
f86e70e17ff126d80ed75cbf7688812d,0,0,0,0,0
a9d3a6de38a258ed050e8ca0f68fa631,0,0,0,0,0
c5ae0ee471a76078d50f3f948edf3551,1,0,1,0,0
76aa9376cd7ec4efd75bb5f0fdd095bb,1,0,0,0,0
47d4c53bced8fa211b543cb2e16f20fa,1,0,0,0,0
fc43b3c0d445ec0d84e62752c8ff716f,1,0,1,0,0
ab60c4c0b28647cd0aa398986614e231,1,0,0,0,0
5b1fbaa23e448b7039b9ccaa2753a231,1,0,1,0,1
1c0b4b8ba9412a69655134ed1db3b248,1,0,1,0,0
b57dfd2ab02294960184e40952069aad,1,0,1,0,0
95f3c8b076d369b84f4f143240493e11,1,0,1,0,1
f532a23a29f46f8d7ab9f69e7263cf76,1,0,0,0,0
00ccf2989e77b1ae95b5d9534e9cd4b4,1,0,1,0,1
9fe90e8a39cead5fd5413d5b50703370,0,0,0,0,0
9d868326049eb6268a95bf903b6f9359,0,0,0,0,0
9c39d755761a4431776ee1331151d466,1,0,0,0,0
9353bc9752decf48d24cad637c693e9e,1,0,1,0,0
9fdd5202d4c4a4dde6ff8366fd9979a4,0,0,0,0,0
3746368eebd29fd7b90242399a308fc4,1,0,0,0,0
494c5e0414287211f165fd442fa17622,1,0,1,0,1
74affeb4089dab30a2a60a424ca7396e,0,0,0,0,0
80333ba8915d7b79cbac63b5270ac5be,1,0,1,0,1
26e68ddd7bb8e9404913e163b1ee0505,1,0,0,0,0
f2f551b225c9ce047e9eeca760d0c945,0,0,0,0,0
2b24398bf18c7600204aa9952ecf0033,1,0,0,0,0
173b53001255579ab911a03a62ef934d,0,0,0,0,0
4d86a5cb0274b7ad1b844471bc9550e6,0,0,0,0,0
cebf11e10ce103be26eac5efbc352a17,1,0,1,0,0
0c0d5238f5f9add04f9dc8c7d169758e,1,0,1,0,0
70b57f5dec204ba3d631d1f2be50bbfe,0,0,0,0,0
920165d3893eddee8205ebff625491e9,0,0,0,0,0
b9077568b920b8480d06f85d73930312,0,0,0,0,0
a6dd2bdbb5debcea90e0829421369cbc,0,0,0,0,0
3fefe003a8170c11cd6e554af199b1ef,0,0,0,0,0
7842d5e17743141956c601f985dfd984,1,0,1,0,0
1384834358e401297878ee1228af571f,0,0,0,0,0
6cea684e7011b5e7386bf5a4f058530e,1,0,0,0,0
c43b65679a367fcf7241468c975c3293,0,0,0,0,0
a6c203e0bd6bfa7c6ce972068af81475,0,0,0,0,0
77268aaf967be4fb2773be46c188c661,0,0,0,0,0
ec4d64b16f3df4a361c9e7c3c24ce633,1,0,0,0,0
e611c8ffa9b757f6ef32025868339ed2,0,0,0,0,0
62f5c9fc8db75870d975465af87fa3ba,1,0,1,0,1
aa889dc343b74dada083a8a2b87a9fc6,1,0,1,0,0
17fea24aff042bc3f2b0fa333d721250,1,0,0,0,0
8ec9f4df5fce6743faadaf45e019ac5f,0,0,0,0,0
f2c359fde7803b2bc23fb490e1b67b8c,1,0,1,0,0
bedd5ed71c6659b5c06f54bb61c0ef54,0,0,0,0,0
d423b5300e4aa8126eb0cce01cf18e5f,0,0,0,0,0
24c65c483ed89c1e2a122cb55575aa01,0,0,0,0,0
70e7692dd3f5d97dd3368e6c647d6f7a,1,0,1,0,1
94550c7801e36880cf0a7eadf45d0f4d,1,1,1,1,1
c5229a35eed5b8646651ecbe2c5ffb69,0,0,0,0,0
e933b1bd73d6c97238bc3ecfa3988237,0,0,0,0,0
3489d275a3d1dc8bd84be97b4fcceb1f,0,0,0,0,0
90bc540dea3711a8be0d4c92154ad94d,0,0,0,0,0
7522feaf18d86816ead00d99e234f359,1,0,0,0,0
69774d4a64040214e3ffd79d4d782b87,1,0,0,0,0
829d969ad0cf54ddee7b08de714e4982,0,0,0,0,0
6e59a59c63ae87b943f7f41f39772a99,0,0,0,0,0
19775d89e7deaba14038ca73e33d11ab,0,0,0,0,0
b977e515d00aa20a604ef8e1bc1c15ef,1,0,1,0,0
ad473bb1fa849d7ed117ee5eac8c90c0,1,1,1,0,0
6156db679622885e2e5809bd578a7829,0,0,0,0,0
34088e80647b0aea5523905a89c3ec26,1,1,1,1,1
fe9bde0508871d7d41924d542172780c,1,0,0,0,0
8796ac7ac43edb5468031a2b62b1274d,0,0,0,0,0
eed951e39685997a1f9b27da739745f0,1,0,0,0,0
93f17ab72705b791e49934e971268096,0,0,0,0,0
bc277616537cef6a93f75fdca48a8add,0,0,0,0,0
ef128c1e7c59c66316406fbbdd7bec58,1,0,1,0,0
fe1f86e7223167c5546258504ba2a817,0,0,0,0,0
303fdd382ca608524b4749c6d26c0629,1,0,1,0,1
c3430f8bea106641111a9d351f87dc1b,0,0,0,0,0
d28ee707f3ffbb90c9d3bd5669389855,1,0,1,0,0
6f0279f3c25e1c086db79aabb179f2f8,0,0,0,0,0
c6c2e71e45a984d2619b0677b7b2ef9e,0,0,0,0,0
9099e5cc1ef21e5ab502cda6131a3738,0,0,0,0,0
900133f05331c556e6df70e77668c653,0,0,0,0,0
d7cf9253ac065aa69781dac068eb11ba,1,0,0,0,0
aa33acf60c2d6a635f74dc994b45a697,0,0,0,0,0
c6ad131c9f7a353b1e988b83e0207392,1,0,1,0,0
cd8d2bb2f86abeac686a3ca307345e85,1,0,1,0,0
8e5f77cfe351f3dbb7e7e91d75fe8be1,1,0,0,0,0
2552c9041ee1ff9bbf985f890b140f56,0,0,0,0,0
0599e0fd1d7a76d3bf4e2e1c7cf06087,1,0,1,0,0
8772b13512576972ecbf33477ca07f2a,0,0,0,0,0
35919484161993659ca4f10f3b3478ea,0,0,0,0,0
4b8ed4c2e17d099cab0f79d10e7c0383,1,0,1,0,0
d2f1a78873525aad2626903a73f87dcf,1,1,1,1,1
8da3cfd14c43501d3e2debd11e5114e9,0,0,0,0,0
80336bc641137e145d4dec94acf9a18e,0,0,0,0,0
230e880e108b6d2ee7dbe9fec4b085aa,1,0,1,0,0
9c2d6fd342298a97ee827ba923242823,0,0,0,0,0
ba64170b14462f30c346787d2a0fd12e,1,0,1,0,0
f791baf4aeb5a0fde9e2db3fda0979d2,1,0,1,0,0
a5f0bb08e35caed84a79fc0c604cc094,0,0,1,0,0
48f94cc83b2fcc5661a36eec4a0a6dd1,1,0,1,0,0
3aa56f08c4bf5d034f5dfcca6d8fff75,1,0,0,0,0
759d16b6bd4d4b35978b670ca44d56ff,0,0,0,0,0
ac2ed7a1a91b1c5e5b31e7b8351cd973,0,0,0,0,0
c4332b0c8c96141d51b80801c0d41c42,0,0,0,0,0
244d0b529ce854fa7f9be98de4ddb4a3,0,0,0,0,0
675e9fd231cb0c75b0722bd4f7684179,0,0,0,0,0
0e039d5a771062261a3d8af9aeed6d3b,0,0,0,0,0
a249ee6171d84a58ade0d4a8757ba43b,1,0,1,0,1
9d63fdabe69ad693b1c4537583538aa2,1,0,1,0,1
d5ff2e1c94860d0a4a9f7a03d226c17b,0,0,0,0,0
069e4154c67f854e49858fe329aa0135,0,0,0,0,0
f080142a260074d7489c2fbcb3bb3302,0,0,0,0,0
19b8798a047f9229080b372d995fedc3,1,0,0,0,0
9206ef0eba5e5cb69abe76c49188bde5,0,0,0,0,0
a5060c46e3981293f0165ce384a90f40,1,0,0,0,0
6f220f20ca147a6db22150af40d9addd,0,0,0,0,0
e332eec430e9e0f170a33a0bc4427448,0,0,0,0,0
35f864eaf25d801ed43572331e8bcd2f,1,0,0,0,0
35613ac6c03974ad06b887d1e09d1bb7,0,0,0,0,0
36b4d3bb80bb53581db4aa2ff236380a,1,0,0,0,0
d73a487e3b146f44677e9ceb06e7b1bf,1,0,1,0,0
79f4059787880b0088f0c3ebbb1a3cbd,0,0,0,0,0
8b3e5d58a30c05af428d99fbffc0684a,1,0,1,0,0
da493806059efa1d8d869959b145c55f,1,0,0,0,0
6287fb85932b1a34882119915d690da8,1,0,1,0,1
0377ed138fc7b2d3eb5eb3978f9dff50,0,0,0,0,0
c49038258cafe6b34335d7fbe01d7001,1,0,1,0,0
70f367f5be8956ddafec7275ba21c9f2,1,0,0,0,0
6588c4430ca0a580502978b489711a75,0,0,0,0,0
7a3f107992c4d60f3528432442144914,0,0,0,0,0
55730a541377046a3257e4531bb8745c,0,0,0,0,0
43049fec1fd31457cf198453ec6e2389,0,0,0,0,0
2492667c2dc40fadf159674d5afe335b,1,0,0,0,0
6376df77c660e74ee20f635345857808,0,0,0,0,0
39072176993e1d40d0f768443254a568,1,0,1,0,1
71e8852e0248c8f71e67838f43df0aeb,1,0,1,0,1
1143b5755e71299b7c746e4ce0770bfd,0,0,0,0,0
df231986eaa77dfc7a650441fbcfc441,0,0,0,0,0
0413876e8fbc134ba531cdc657e2a0ae,1,0,0,0,0
73c002accc5f9ad34436c681560d64f4,0,0,0,0,0
494da562fdcab1296758c7a7c2d50bbc,0,0,0,0,0
3dde08b0df4344913c895d71bc3d4bbe,0,0,0,0,0
e13b19c5880e3c84b4a086d68afe65df,0,0,0,0,0
0f7af0d1fac4c5f228e3b8cd235468ab,0,0,0,0,0
cf9f861cd02fbd0f72cf41be4e3c3716,1,0,1,0,1
d9d881d64dbf08f03036e60ac6d1c358,1,0,0,0,0
181c22d5e293a28f34150c38aaac5cdd,1,0,1,0,0
97f265d4af2289d951d94c5f8433954e,1,0,1,0,0
b977c0a91be2b625697d7e0231b1f6c8,0,0,0,0,0
3d90224e40f099ac06f4f239bfdc2258,1,0,1,0,0
92a19dbad5dba56ce0f6ac8a8336f08f,1,0,1,0,0
7d1a95c044fde7f1967802b9bbdbc3d4,0,0,0,0,0
19cf254bcebbde60902636c850076732,1,0,1,0,0
51af93b05f40524070e4524827eab45a,1,0,0,0,0
3c398f6238041646d8428745249d6e9a,0,0,0,0,0
52d9f70d78989fda422db46f98e02b7e,1,0,1,0,0
781411ea3759e6c47c3d46738b248a8f,1,0,0,0,0
138a6e697271676140f350206a19b346,1,0,1,0,0
2e8c5041fe179af2c87aff380949ff56,1,0,0,0,0
2cf6b4196e6be30094e1a55b4bf7212e,1,0,1,0,0
5331b2d9607fcf0f84f55635a4e1efe8,0,0,0,0,0
a5f405814b78c59c4626314301ce305e,0,0,0,0,0
d202150c0601aa9a2fcaec88077ed147,1,0,1,0,0
00669a1c8c52f9c6b9cd3966cb483f26,1,0,1,0,0
a4f0ab13ae22cfe8c59d8471d90922e6,0,0,0,0,0
f74cb5f2271df26bfd3eefdc485807b9,0,0,0,0,0
d2ff079ac4779a6ce7bbe4f629c9b1dc,0,0,0,0,0
f92925046910fe4a310eb947f24a28f2,1,0,0,0,0
0fc1b4faa28a4faf19dd2d99e7cda560,1,0,1,0,0
61f58ff8c525bdd326d46dada6147602,1,0,0,0,0
4a3f0dca010358067018d764a1ef42b8,1,0,1,0,0
cf8bc7e6ba7bb32d4338a8c0bbbb640d,1,0,1,0,0
180ce87eb5d1dd467f6c151d0ba4ab67,1,0,1,0,0
e26c069517249d1353c0da341245c739,1,0,1,0,1
7aae7ae8bad7d21f3aec279335f3a986,1,0,1,0,0
edf4ace2df6e2c805e04c6987465efb8,1,0,1,0,1
6ff719e0ba400ca8684fbfc063b32896,0,0,0,0,0
3e7dfbb81e9200d24199fc895427c6e4,1,0,1,0,1
37b69f1a8a6436fdf047d5ee83c03a74,1,0,1,0,0
138627a419424363d6a7d8202c65aa20,0,0,0,0,0
65dbf802178c54df0e89a556a09febce,1,0,1,0,1
15c8fc0147abda0abe2ccab9a9e88ebb,0,0,0,0,0
7646f0796bacbd7e36664ce2c0dcc35f,1,0,1,0,0
c6f511e44f4f7d6e9048f815ecac3c39,0,0,0,0,0
b7f6cada32b0453b472c64832c3e1390,0,0,0,0,0
28659432cc42a7c616d4c78d9f36c3fd,1,0,0,0,0
4a52e5df8c8f63755662fec9593585b0,0,0,0,0,0
141dad531f9a99207697adfda3603f09,0,0,0,0,0
2d01a41d987bc4f558ead341c7c8d643,0,0,0,0,0
81b538d6842cd02364c2d019a5b6f202,1,0,1,0,0
154e503495a3f5e09adf8167ab868660,1,0,0,0,0
a9d9ea85422a7788aa7a3e83e6a3e350,1,0,0,0,0
c8c302e9040f4a5dedf3c56a62c8b0e4,1,0,1,0,1
9cf1c61a407adec85d77693dbee5e08d,0,0,0,0,0
92a8b16da0cd0b3c3fdfaab454250f6f,0,0,0,0,0
e1fcad9b76e1e7ef2ef716e8f40a66a8,0,0,0,0,0
f8d4d2ed8ce8052a00c08aff334f9568,1,0,0,0,0
5e704ddda2bc93d77947dd2b17976bc5,1,0,0,0,0
bebec31946df6a4b425687a49c426334,0,0,0,0,0
9c83b36176868ed0a7a7c3f129e24c19,1,0,1,0,1
fba8d1a22dd0b9f64ddb334756877963,0,0,0,0,0
ffe4373024378295a949efc6a5756ab3,1,0,0,0,0
e0fedf9cca5a19389a55c4e61a6bd578,0,0,0,0,0
88a56c8e0f892861d53ec4d4f9272895,1,0,1,0,1
0ece3d227d29d4c26bb8431de4d133ca,1,0,0,0,0
2f303f4062b0a320ddef67b7cc8265b0,1,0,1,0,0
134cc5b4773976caef83b1d1bca5ca78,0,0,0,0,0
901d8af1b0b47a2c360174c4f7cb326a,1,0,1,0,0
1f37c093bde7931c4b4f2ef0bfd21e0a,0,0,0,0,0
2ccd2fa4ece61bf64a5898589886ae57,1,0,0,0,0
9131f837658d1ed76f8cd612db4eaefe,0,0,0,0,0
c402122bf59561b808dfacf2ccf31574,0,0,0,0,0
1db4b32ada45dd02b4e558679c6fae51,0,0,0,0,0
017829309ce282e97e2164aa332459f1,0,0,0,0,0
8a687fd37cb44ca2c0a981412499824d,1,0,1,0,1
a5a080a2a922275ff742a005c1d99a3f,1,0,1,0,0
dce9149594041ca9221894f98bdee932,0,0,0,0,0
7abac6941609a68d9101b179c99cee18,0,0,1,0,0
8ad302f44523192bb46bfb8e6f70ab6a,1,0,0,0,0
7ec60687b6271c1dfa7c8c294442d332,1,0,1,0,1
a7fbeb52f2b5b3540191087831c334df,0,0,0,0,0
c280b37ba32512def57e40708a64aece,0,0,0,0,0
42ca77e801bed49c5cea04a63577d708,1,0,1,0,0
1b3c841b5d8e9eed61ddee6ebf7d7896,0,0,0,0,0
ca29634ce06803dcb265579ee3144dd2,1,0,1,0,0
944f54f5dcfb63970c26f0a75ce14f61,0,0,0,0,0
1b33460b16aa067720e76fd210519bb0,1,0,1,0,0
7774ef5a1e553876128c84b3a80f3403,0,0,0,0,0
cc02ffa16424fba2fa0762e41ccb3be2,0,0,0,0,0
396646a211097b0425125a215e464540,1,0,1,0,0
b9e7a6ff66814a4cb1f447e21b1075b5,1,0,1,0,1
35c746fd35846b186622769cf58cf4a6,0,0,0,0,0
651208d3495e88c806da80c9ab4667a8,1,0,0,0,0
a92d00053fa2702f40f3e3429a6e58ce,1,0,1,0,0
5c3c4ed7c347eb051a3fab31bef63b66,0,0,0,0,0
6bae497a1e0652817953f98ee7df2451,0,0,0,0,0
e836187402adffadf9b9c55ac2b1a87b,1,0,0,0,0
1e5f88a8a2b2072590237d0af6b57264,0,0,0,0,0
32f4c11776eca4e08d91a21069be4509,1,0,0,0,0
72e36b0f715b93b096c572ac711ff452,1,0,1,0,1
02557332aa1cdb2dc8045076fd9fe128,0,0,0,0,0
7f2f6130afb5bfb045ccb6bfa74ce816,0,0,0,0,0
b89e5e07cfec85b653cc5cead22a87c6,0,0,0,0,0
0d154e4674c7c1af344b7ccedc4107fa,0,0,0,0,0
d71b8879abaee80f4b20bcca9f41bdf4,1,0,1,0,0
2ff5fd6f2643736dbce2f5e0ed1dc59b,1,0,1,0,0
53d828bd859421400827be1497f88d72,1,1,1,1,1
e755b80e03fc8b1f3c780d1ab32e8b32,1,0,1,0,0
4c5ab93ebbd05cbe187027f978291e82,1,0,1,0,0
8dfa9653d505c8e64d584d7f1049fe46,1,0,1,0,1
e21c37a18af75e45b19ffd1d3ef3440c,1,0,1,0,0
581e253397bb481bb6ed9f809cc697c9,0,0,0,0,0
113eb0b9760ea7e09a804dea0b2ecd8c,0,0,0,0,0
1c85c2a95441817d55a3fb71b0f8acc1,0,0,0,0,0
fe21254f5942b4e3df0ed854354bdb2f,0,0,0,0,0
af47b6a9cc749d820809c796d9fde651,1,0,1,0,0
155545089034910a4fcc76bbbb5c6c66,1,0,1,0,1
e58f98e2265e996a42372ab820c91158,1,0,1,0,1
f60955f37f36791ec1db404bc0135ba6,1,0,0,0,0
ede638ed9cb07137472c3d28f5ccf42b,1,0,1,0,0
1e7588c0f3cb365af88bf32f79647d45,0,0,1,0,0
be5dc10f2ff81b39199d13326db1a6f8,1,0,0,0,0
883e02908326f048a0946a71eda8caa9,0,0,0,0,0
e966564014f686d02b30283a4667f5bb,1,0,1,0,0
ed253a53c5e715d8931d836a701081b8,0,0,0,0,0
b48cf326f5dbfec4f50cde01001d04a8,0,0,0,0,0
2bf16ee6778ef83e03366f5a56f4107e,1,0,1,0,1
4b727601c10ac757ffd962fe9afaf1c6,0,0,0,0,0
8992a6c5b2b2bce591ca2dfca62033c4,1,0,0,0,0
a2e2275237cc0569e096e274405b3e2f,1,0,1,0,1
6cd1a2042093a3d39dfd33db990af268,1,1,1,1,1
84fdd6c9b9c9bd4ae3e1cab293bd334f,1,0,1,0,1
b308b3baab66fef1352430c2d5d750e1,0,0,0,0,0
5875d0a5e20d969aa6aa5a0311dbffa5,0,0,0,0,0
f93b6cf12f857068aa9cc489ee4c92da,0,0,0,0,0
1776794d486087a37241af7071f4e907,0,0,0,0,0
52da79cfb2a80998cb4772d104c77a1b,0,0,0,0,0
7d9869426ece60c38992252b56e78fee,1,0,0,0,0
b27e976f2d038eae9dbf9bf4d26fe0c5,1,1,1,0,1
3cea8eec0b55f4055b7e3d0b85b7ed6a,0,0,0,0,0
623d87075ca514d9fba0b252d5df73df,0,0,0,0,0
f1252972fbf9d7bd557756c4345e373c,1,0,1,0,0
15209c92a29eab6685f1b6c0223772a8,1,0,0,0,0
